age,income,credit_score,existing_loans,employed,default
47,151735,616,1,1,0
40,72912,781,1,1,0
49,152455,568,2,0,0
60,120771,654,1,1,1
39,86572,767,1,1,0
39,49276,695,1,1,0
60,137459,790,1,1,0
51,55534,537,4,1,0
36,65670,674,1,1,0
48,112147,806,2,1,0
36,66486,609,2,1,0
36,95557,782,1,1,0
44,84268,681,2,1,0
25,61802,734,1,1,1
25,35799,801,3,1,0
35,56336,734,3,1,0
29,23641,652,2,1,0
45,137132,744,1,1,0
31,62959,647,3,1,0
25,33306,721,5,1,1
59,114123,599,2,1,0
39,86326,702,1,1,0
42,146895,795,3,1,0
25,41498,676,2,1,0
35,100198,787,1,1,0
43,152630,900,2,1,0
28,61833,697,1,1,1
46,77197,749,2,1,1
34,50719,738,3,1,1
38,55032,718,1,1,0
34,89624,763,1,0,1
64,118177,680,5,1,0
41,91964,646,1,1,0
29,50028,577,1,1,0
51,104646,672,1,1,0
27,35651,772,0,1,1
44,58536,624,2,1,0
25,71863,719,5,1,1
26,76747,690,1,1,0
44,95712,650,2,1,0
50,56273,551,4,1,0
44,121820,809,3,1,0
40,141228,741,2,1,0
38,104353,900,0,1,0
25,48955,786,3,1,0
33,115914,807,3,1,0
36,80830,560,0,1,0
54,156718,558,1,1,0
46,67127,703,2,1,0
25,69614,608,5,1,0
45,133488,645,2,1,0
37,41539,900,1,1,0
33,76761,795,3,1,0
49,96219,625,1,1,0
54,64692,510,5,1,1
53,133656,618,1,1,0
31,43334,655,3,1,0
38,58615,674,2,1,0
45,57903,597,2,1,0
53,78527,790,3,1,0
36,45629,643,2,1,1
39,88008,751,1,1,0
28,37740,704,2,1,0
27,53782,775,0,1,0
51,76708,680,2,1,0
58,181932,626,3,0,0
41,67438,652,1,1,0
54,117300,653,0,0,1
46,121545,865,2,1,0
34,50842,706,2,1,1
46,110213,700,2,1,0
60,82372,770,1,1,0
41,148971,699,0,1,0
60,78744,789,3,1,0
25,70546,670,1,1,0
51,107442,662,0,0,1
43,135990,621,2,1,0
38,33650,848,3,1,0
43,95117,694,1,1,1
25,45708,606,5,1,0
39,82772,715,1,1,0
46,53190,647,0,1,0
59,88113,668,3,1,1
35,38789,724,0,0,0
32,62125,821,2,1,1
35,47459,708,0,1,0
52,85418,643,4,1,0
45,97085,659,1,1,0
35,48768,752,3,1,0
48,99961,543,0,1,0
43,131099,616,1,1,1
53,77885,717,2,1,0
33,117421,563,2,1,1
38,91082,674,2,1,0
37,36895,661,0,1,0
25,70311,770,1,0,1
45,139494,679,4,1,0
45,117067,794,1,1,0
42,121017,706,2,1,0
39,53932,842,5,1,0
25,41360,589,2,1,1
36,84847,829,5,1,0
37,115468,667,4,1,1
32,68931,817,3,0,0
40,105823,794,2,1,0
46,88032,471,1,0,1
64,58807,738,1,0,0
44,61767,779,3,1,0
45,58071,806,3,1,1
41,103413,605,1,1,0
25,46149,747,4,1,0
41,65540,715,2,1,0
42,151212,734,5,1,1
70,110248,779,5,1,1
39,115435,792,1,1,0
45,69787,647,2,0,0
41,70982,721,1,0,0
27,74160,703,2,1,0
55,62606,680,2,0,1
51,60150,688,0,1,0
51,135929,715,2,1,1
31,76936,651,0,1,0
58,133286,770,5,1,0
25,28593,801,2,1,1
49,67358,634,0,1,0
68,77381,805,1,1,0
30,58074,634,3,1,0
35,50595,771,3,0,1
43,94194,805,2,0,0
35,79377,692,3,1,0
25,46853,635,3,1,0
42,123719,652,1,1,0
29,40661,728,0,1,0
47,100493,857,2,1,0
30,66495,564,3,1,1
60,53703,708,0,0,0
32,83080,692,3,1,0
38,60815,663,1,1,0
51,79565,693,2,1,0
27,71955,656,0,1,0
44,108453,799,2,1,0
57,128478,807,3,1,0
25,62986,707,2,1,0
44,83161,688,0,1,0
45,105991,660,1,1,0
51,157339,707,2,1,0
27,29716,847,0,1,0
26,61563,691,3,1,0
48,83349,632,0,0,1
45,97098,668,1,1,0
45,158435,760,3,1,0
46,50132,642,2,1,0
33,81990,697,1,1,0
44,118921,737,1,1,0
45,86538,648,0,1,0
33,37213,558,3,1,0
64,164693,614,2,1,0
47,94223,631,1,1,1
27,46119,681,3,1,0
49,118371,703,1,1,1
30,98274,765,1,1,0
51,157853,601,2,1,0
55,44134,754,5,1,0
32,69601,670,1,1,0
53,123889,557,2,1,0
46,65690,701,4,1,0
51,51909,805,3,1,0
64,131239,770,3,1,1
39,110032,693,0,1,0
32,42062,790,3,1,1
31,105386,715,0,1,0
32,64731,778,1,1,0
41,55153,567,2,0,1
46,60481,600,3,0,1
45,149270,758,3,1,0
51,116425,823,1,1,0
42,113600,733,2,1,0
59,124981,660,5,1,1
38,101997,631,0,1,0
70,144470,674,1,1,0
49,78205,797,0,1,0
31,118887,672,5,1,0
29,36006,783,2,1,0
47,94149,752,2,1,0
39,79112,837,1,1,0
50,60940,716,0,1,0
47,109010,696,3,0,0
41,126794,787,3,1,0
31,54485,625,2,1,0
25,43763,664,2,1,0
36,31067,565,4,0,0
52,70607,599,2,1,0
44,159419,853,2,1,0
27,29018,755,2,0,0
44,98521,590,1,1,0
46,65187,795,0,1,0
31,33985,643,1,1,0
43,93052,751,3,1,0
42,69563,750,3,1,0
28,67322,833,4,1,1
46,152842,656,3,1,1
48,111245,640,1,0,0
54,101514,484,2,1,0
54,68608,690,3,1,0
25,59139,758,1,1,0
30,97262,768,0,1,0
48,142118,800,3,1,0
48,121327,723,1,1,0
48,107225,740,1,1,0
70,57221,705,1,0,1
48,98506,756,0,1,0
55,60968,625,1,1,0
53,132606,587,2,1,0
49,77937,633,4,1,0
38,92435,717,1,1,0
51,99508,595,2,1,0
32,71831,649,2,1,0
39,72933,651,0,1,0
36,77307,762,1,1,0
42,98340,752,0,1,0
69,142951,705,3,1,0
25,62770,736,5,1,0
50,136338,737,3,1,0
25,63601,670,0,1,1
36,105956,656,0,1,0
55,112178,822,1,1,0
42,135311,500,1,1,0
29,48754,640,1,1,1
33,73310,683,1,1,0
50,119893,744,3,1,0
33,116799,790,1,1,0
44,98367,848,1,1,0
42,63201,692,2,1,1
34,32739,698,2,1,0
67,53231,729,2,1,0
49,157814,657,3,1,0
25,62495,605,1,1,0
44,71168,692,0,1,1
34,62624,759,3,1,0
52,60635,680,4,1,0
32,39964,733,4,0,0
40,77785,550,1,1,0
48,145046,701,5,1,0
52,132797,667,1,1,0
27,39254,597,2,1,0
37,106928,752,5,1,0
36,42336,847,3,1,0
34,107475,779,5,0,0
63,198484,784,2,1,0
46,132212,756,4,1,0
26,29843,751,3,1,0
53,95591,556,3,1,0
67,101750,689,1,1,0
54,140648,740,1,1,0
25,50598,742,0,1,0
36,65454,801,2,1,0
57,138537,617,1,1,0
33,92672,748,1,1,1
47,77228,614,3,1,1
51,64429,683,1,1,0
30,114294,695,3,1,0
41,117808,769,2,1,0
25,37350,759,3,1,0
29,70041,709,2,1,0
38,83015,527,2,1,0
27,42538,735,3,1,0
61,108936,678,2,1,0
25,35371,811,1,1,1
36,87378,792,2,1,0
43,87310,624,2,1,0
59,141827,746,0,1,0
25,38147,748,0,1,0
55,139862,742,2,1,0
42,152994,731,4,1,0
30,68889,750,2,0,1
47,101428,820,2,0,1
44,87207,655,4,1,0
34,80255,627,2,1,0
42,155824,762,3,0,0
37,35409,549,2,1,0
43,92438,752,2,0,0
49,145359,738,0,1,0
61,47869,512,3,1,1
27,55724,649,1,0,1
67,65958,826,1,1,0
25,30766,583,1,1,0
40,69768,717,4,1,0
49,146330,619,1,0,0
45,76145,643,2,1,0
34,105622,853,0,0,0
39,56442,709,2,1,0
36,111948,741,0,0,1
34,55596,691,4,1,0
52,125791,578,1,1,0
46,92406,605,5,1,1
33,70524,794,2,1,0
52,73332,712,2,0,1
45,65764,638,4,1,1
51,77563,698,0,1,0
49,137675,752,1,1,0
32,66370,736,5,1,0
35,35062,638,1,1,0
50,94645,573,1,1,1
49,57244,667,1,1,0
41,56372,788,1,1,0
43,155409,768,1,1,0
57,125501,732,1,0,0
34,94471,686,3,1,0
48,66956,658,3,1,0
39,70473,687,1,0,1
39,43894,762,2,1,0
55,56709,780,3,1,0
51,131258,679,3,1,0
51,65210,900,1,1,1
57,142081,707,2,1,1
42,88674,672,3,1,0
50,150025,818,5,1,0
38,47733,536,2,1,0
45,70080,738,5,1,1
40,152200,694,2,1,0
43,103412,815,4,1,0
49,108971,748,2,1,0
32,69709,711,2,1,0
67,99846,753,1,1,1
29,66232,615,2,1,1
27,72960,777,1,0,0
55,198322,592,1,1,0
51,135765,728,0,0,0
49,98137,702,2,1,0
49,132011,558,5,0,1
41,96412,705,3,1,0
31,73876,722,1,1,0
42,144547,647,2,1,0
33,103664,619,2,1,1
53,100227,739,2,1,0
40,82450,728,3,1,0
32,114433,718,5,1,0
38,103704,700,3,1,0
46,56861,654,3,1,0
35,91914,881,3,1,0
32,93888,676,1,1,0
44,129286,630,2,0,1
44,111293,704,2,1,0
35,112524,685,0,0,0
36,98515,674,2,1,0
44,73524,849,3,0,0
25,27065,609,2,1,1
25,57684,702,1,1,0
33,118720,614,2,1,0
39,63365,656,1,1,0
45,108876,838,2,1,0
59,194776,722,0,1,1
52,107857,721,0,1,0
40,55622,624,4,1,0
41,133797,666,3,1,1
29,64932,845,0,0,0
41,143955,739,0,1,0
38,117700,672,3,1,1
45,129332,735,2,1,0
32,96201,721,4,1,0
48,82694,632,4,0,1
60,129766,670,1,1,0
40,72995,880,0,1,0
46,142320,731,3,1,0
50,130141,574,3,1,1
37,112999,740,1,1,0
44,58419,804,1,1,0
42,97952,627,4,1,0
43,83837,663,2,1,0
32,100799,816,1,1,0
42,98877,702,1,1,0
47,156255,688,1,1,0
59,85687,593,3,1,0
53,149667,785,1,1,0
67,77276,684,2,1,0
32,64523,526,2,1,0
52,116055,574,1,1,0
44,104615,655,2,0,0
68,50514,614,1,1,0
32,77456,626,0,1,1
31,37233,887,0,1,0
34,31102,756,5,1,0
25,20597,493,1,1,0
35,76715,674,0,0,0
32,115193,692,5,1,0
43,154085,581,2,1,1
46,159101,742,2,1,0
64,177328,536,3,0,1
53,158684,787,2,1,0
35,94800,815,0,1,0
31,71548,888,1,1,0
47,122090,574,2,1,0
26,32664,590,0,1,1
63,168845,755,0,0,0
56,153815,794,0,1,0
36,119922,764,1,1,0
25,24846,786,2,0,0
58,167602,810,2,0,0
40,76205,716,1,1,0
56,65570,682,0,1,0
25,50255,590,3,1,0
34,51182,676,3,0,0
42,89373,688,3,1,0
42,93019,624,1,1,0
36,92619,696,2,1,0
49,66043,615,1,1,1
29,65532,789,2,1,0
40,151290,734,2,1,0
43,115936,663,1,1,0
48,69239,715,0,1,0
50,60416,611,0,1,0
28,23412,619,3,1,1
25,36440,649,2,1,1
57,64406,684,0,1,0
45,51875,711,1,1,0
33,67066,711,0,0,1
60,176824,594,1,1,1
43,136753,693,2,1,0
56,172425,634,1,1,0
42,76986,427,3,1,0
66,54691,900,3,1,0
63,88075,636,3,1,0
39,40794,640,1,1,0
53,118470,592,2,1,1
49,66406,615,2,0,0
58,115930,684,1,1,0
30,56872,808,1,1,0
50,91708,684,0,1,0
54,156629,674,1,1,0
25,40800,796,0,1,0
27,63397,658,1,1,1
25,77777,701,0,1,1
38,67909,626,3,1,0
50,71352,834,3,1,0
60,141975,783,3,1,1
42,143848,687,1,1,0
61,186510,668,0,1,0
25,43385,697,2,1,0
25,64999,688,2,1,0
41,68482,576,1,1,0
46,82471,786,2,1,0
41,97279,681,1,0,1
25,63877,851,5,0,0
40,156748,733,0,1,0
26,74213,498,0,1,0
50,63026,597,1,1,0
46,157625,528,3,1,1
30,115184,596,1,0,0
35,35435,569,2,1,0
29,28493,720,3,1,1
41,122227,674,1,1,0
53,109321,759,2,1,0
30,32763,696,1,0,1
48,70389,680,2,0,0
35,61498,860,5,1,0
32,93755,717,0,1,0
40,151545,693,2,1,0
29,55825,631,3,1,0
35,46934,605,0,0,1
27,25574,761,1,1,0
65,170698,756,4,1,0
42,88179,825,1,1,0
33,31587,738,2,1,0
44,92782,668,3,1,0
40,154224,740,1,1,0
39,84412,693,1,1,0
49,110561,769,1,1,0
51,127224,806,1,1,0
35,34409,686,2,1,0
35,101319,840,2,1,0
38,56751,795,0,0,1
25,58174,701,3,0,1
25,77142,753,4,1,1
58,96572,724,2,1,0
61,101416,701,1,1,0
39,42041,853,0,1,0
48,73227,741,1,0,0
45,85201,632,5,1,0
70,76069,617,1,1,0
55,66370,621,2,1,0
40,145018,739,2,1,0
30,41586,672,1,0,1
25,70231,726,3,1,1
44,55322,774,3,1,0
32,95294,862,3,1,1
25,33932,674,2,1,0
34,59299,587,5,1,0
29,45179,843,2,1,0
62,110793,583,1,1,0
52,96501,580,0,0,1
41,107134,841,1,1,0
59,151672,785,2,1,0
42,59777,738,1,1,0
31,41249,696,3,1,0
60,160902,680,0,0,0
48,71390,647,1,1,0
29,40369,677,1,0,0
39,42881,696,1,1,0
31,39587,590,2,0,1
25,48264,634,2,1,0
53,124327,531,1,1,0
64,147009,706,1,1,1
25,42375,706,1,1,0
48,138147,842,1,1,0
34,37833,730,1,1,0
36,77013,655,4,1,0
34,93620,683,0,0,1
31,45754,738,1,1,0
42,157584,718,2,0,1
32,108113,746,2,1,0
45,146631,730,1,1,0
41,136784,679,3,1,0
39,65282,657,1,0,0
31,66737,652,3,1,0
35,54124,625,1,1,0
51,120102,613,0,1,0
48,52196,847,2,1,0
30,91527,709,4,0,0
43,146651,687,5,1,0
51,135395,660,2,1,0
25,31345,734,2,1,0
48,84077,796,0,1,0
34,96400,757,0,1,1
48,62055,773,3,1,0
32,115283,653,3,1,0
25,64484,699,2,1,0
25,31978,654,1,1,0
42,140135,708,3,1,1
45,85771,801,2,0,0
31,87654,735,3,1,0
49,96540,830,1,1,0
25,37615,676,3,1,0
41,156263,635,4,1,0
27,64748,740,2,1,0
34,59377,709,1,1,0
42,145567,725,1,0,0
31,79573,713,0,1,0
37,72733,661,3,1,0
54,61760,715,5,1,0
35,55762,777,3,1,1
52,100986,786,0,1,0
28,54332,660,0,1,0
48,90100,718,3,1,0
59,176016,818,2,1,0
25,68825,662,0,1,0
32,43877,648,1,1,1
48,79990,763,1,1,0
39,85283,749,3,1,0
46,53258,633,5,1,0
34,61629,588,3,1,0
43,87579,716,3,1,0
40,72958,666,1,1,0
56,55775,565,1,1,0
45,126575,645,2,0,0
46,144633,748,1,1,0
37,64207,687,2,1,0
36,52553,825,2,1,0
36,83632,533,1,1,0
46,50055,807,5,1,1
36,118697,672,1,0,0
45,82873,660,1,1,0
66,141505,575,4,1,0
52,130720,737,1,1,0
38,96205,553,0,1,0
56,118199,765,1,1,0
37,55318,578,3,1,1
25,53734,591,5,1,0
29,36691,604,5,0,1
25,38522,642,2,1,0
37,41656,775,4,1,0
42,65893,820,1,1,0
62,56493,650,3,1,0
45,53632,696,3,1,0
39,118648,739,2,1,0
51,111779,673,2,1,0
25,58452,736,1,1,0
44,63266,699,4,1,0
51,111607,679,3,0,0
25,36940,586,1,1,0
55,195075,711,2,1,0
46,148408,776,1,1,0
37,64815,637,1,1,0
49,80869,542,0,1,0
69,89297,674,2,1,0
44,110107,820,1,1,0
44,132793,796,1,1,0
36,46682,653,0,1,0
31,49622,736,1,1,0
51,80408,749,0,1,0
31,38837,819,3,1,0
42,114210,575,2,1,1
36,45407,614,0,1,1
47,79309,539,1,1,1
46,121918,645,2,1,0
54,143190,785,2,1,0
35,48895,655,2,1,0
38,116912,595,5,0,0
30,30370,718,3,1,1
36,30486,720,3,0,1
46,73762,618,5,1,0
51,76613,659,1,1,0
30,33196,712,0,1,1
52,157856,759,0,1,0
58,140565,648,5,1,0
46,126349,636,1,1,1
64,104839,853,1,1,0
32,71916,678,2,1,0
27,28572,719,2,1,0
25,67776,751,2,1,0
59,199297,557,3,1,0
49,95853,698,3,1,0
41,99390,568,1,0,0
45,82275,689,1,1,0
28,26843,809,3,1,0
70,172177,620,1,1,0
43,109896,566,1,1,0
43,93209,851,2,1,0
50,147175,608,4,1,0
47,92487,580,2,1,0
44,68051,829,0,1,0
32,107400,605,4,1,0
47,150300,831,4,1,1
64,154682,721,2,1,0
58,97175,802,1,1,0
61,177921,714,5,0,1
35,48976,786,3,1,0
30,86866,626,0,0,1
40,97078,650,2,1,1
42,81113,530,2,1,1
55,55401,777,2,1,0
25,32884,733,3,1,1
60,187214,619,3,1,0
40,121492,560,1,1,0
36,109464,722,3,1,0
29,29721,834,1,1,0
25,31157,688,3,1,1
51,85135,647,1,0,0
42,122232,625,0,1,0
26,47862,799,3,0,1
26,25190,637,1,1,1
37,100199,670,5,1,0
62,145366,783,0,1,0
38,34331,750,3,1,0
25,78648,673,3,1,0
39,82186,644,2,1,0
38,74648,817,2,1,0
25,48549,610,2,1,0
41,131782,683,2,1,0
39,55761,579,1,1,1
50,53262,795,1,1,0
64,112572,662,4,1,1
55,127858,644,0,0,1
38,114667,752,4,1,0
28,24677,585,3,1,0
70,170334,750,1,1,0
42,130865,671,1,1,0
42,152568,603,4,1,0
41,151437,620,4,1,0
44,159916,645,2,1,0
40,100617,664,0,1,1
35,116029,604,0,0,0
35,48595,723,0,1,0
41,137459,602,1,1,0
35,90148,510,0,1,0
33,76926,853,1,1,0
43,125271,715,3,0,0
38,64457,860,1,1,0
60,82531,616,3,1,1
25,27727,738,2,0,0
55,168027,771,4,1,0
56,85771,684,5,1,0
25,47599,584,1,1,0
37,96354,678,2,1,0
37,67289,750,0,1,0
25,53892,747,2,0,0
32,101196,699,0,1,0
28,49521,771,2,0,0
63,78409,768,2,1,0
53,84470,658,0,1,0
57,189457,578,3,1,0
50,73296,715,2,1,0
28,73030,640,1,1,0
35,91716,711,3,1,0
47,139152,807,0,1,0
27,46382,734,4,1,0
50,126675,803,1,0,0
39,52419,619,0,1,1
37,111238,786,5,1,1
50,144753,834,5,1,0
47,89291,705,2,1,0
37,42397,885,1,0,1
55,97888,631,1,1,0
29,55169,648,0,1,0
49,112182,751,2,1,0
49,142476,704,2,1,0
38,72249,640,1,1,1
45,78341,749,1,1,0
26,30067,728,2,1,0
53,96144,653,2,1,0
39,91772,715,0,1,0
35,109360,760,0,1,0
54,63444,651,1,1,0
33,75647,741,1,1,1
25,78126,630,1,1,0
25,68880,646,1,1,1
49,148843,788,2,1,0
26,30974,749,4,1,0
63,152150,549,1,1,0
25,58383,670,2,1,1
62,134826,739,4,1,0
44,131552,711,1,1,0
40,147648,749,3,1,0
35,32956,709,0,1,0
46,58077,689,1,1,0
41,86490,686,3,1,0
55,164713,787,0,1,0
43,153391,755,1,1,0
43,158642,732,5,1,1
37,85612,707,2,1,0
41,150474,656,1,1,0
45,86159,675,3,0,0
25,59710,785,2,1,0
25,38000,777,3,1,0
50,63806,648,4,1,0
44,128345,707,1,0,1
39,110391,739,2,0,1
42,157412,734,1,0,0
46,144924,734,1,0,0
35,36458,611,1,1,0
32,65524,606,3,1,0
44,56853,793,5,1,1
30,70477,820,2,1,0
46,82222,581,3,1,1
25,38320,697,1,1,1
54,144154,765,2,1,0
47,102243,523,2,1,0
45,95615,614,4,1,0
53,67352,692,5,1,0
61,112833,652,2,0,0
54,143476,716,4,1,0
25,69024,817,2,1,0
26,23203,631,0,1,0
34,69267,704,1,0,1
42,87941,672,4,1,0
48,132809,710,2,1,1
33,55368,700,2,1,0
44,127186,900,3,1,0
32,60984,819,5,1,0
34,71941,573,1,1,1
25,27382,627,0,1,0
30,82683,637,0,1,0
25,20801,601,2,1,1
30,77965,590,1,0,0
54,135269,685,4,1,0
30,39969,640,1,1,0
70,75969,628,0,1,1
47,132269,861,2,1,0
44,82449,646,2,1,1
31,55705,664,0,1,0
50,110303,759,5,0,1
35,58363,664,5,1,0
43,80720,606,1,0,1
70,181044,679,3,1,0
40,83351,860,3,0,1
55,151023,661,2,1,0
33,66145,627,3,1,1
41,137948,733,1,1,0
63,96235,675,1,1,0
34,44855,900,1,1,0
63,190641,637,4,1,1
50,104437,838,1,1,0
35,78506,793,0,1,0
49,75738,669,0,1,0
53,56772,699,2,0,1
49,140410,617,2,1,1
25,39731,656,1,1,0
33,40131,668,1,1,0
39,96324,712,2,0,1
41,104097,586,1,1,0
49,131720,724,1,1,0
44,146433,688,1,1,0
25,22889,731,2,1,1
46,59569,743,1,1,1
49,137193,681,2,1,0
48,125677,739,1,1,0
54,135192,693,2,1,0
52,137154,759,2,1,0
47,127470,725,0,1,0
41,158073,714,4,0,1
25,43286,691,5,1,1
47,57612,803,1,1,0
44,101644,732,4,0,0
45,82069,594,3,1,0
26,36205,662,3,1,0
29,47331,681,1,1,0
54,105897,699,1,1,0
41,63934,714,2,0,1
50,60095,624,1,1,0
42,141494,694,2,1,0
42,152544,674,2,1,0
53,68706,786,2,1,0
35,73516,620,1,0,1
43,153602,698,1,1,0
36,64629,645,3,1,0
36,76910,849,0,1,0
38,118540,800,1,1,0
44,70431,568,3,1,1
36,86733,636,1,1,0
57,80088,769,4,1,0
31,74135,736,1,1,0
39,68015,734,4,1,0
36,61385,715,2,1,0
59,110199,776,2,1,0
44,88677,762,3,1,0
54,62818,676,1,1,0
25,42686,604,1,0,1
45,113001,564,3,1,0
52,73977,691,2,1,1
42,99832,552,4,1,1
54,90931,720,2,1,0
35,113990,675,5,1,0
58,112204,855,0,1,0
69,85784,727,3,1,0
37,39921,697,1,1,0
36,64959,570,2,0,0
59,72328,599,2,1,0
60,179931,754,2,1,0
35,119506,674,3,1,0
36,104408,900,0,1,0
38,114766,693,2,1,0
25,46708,713,0,1,0
30,48847,594,2,1,0
29,75989,775,2,1,0
32,34922,625,2,1,1
41,119928,741,0,1,0
44,102335,764,1,1,0
60,166913,707,2,1,0
30,43541,840,2,1,0
53,69551,651,3,1,0
39,49381,834,1,1,0
41,105673,598,0,1,0
50,151531,763,1,1,0
28,42948,688,3,1,1
46,142264,643,1,0,1
43,109072,567,3,1,0
47,117560,679,1,1,0
45,132249,674,2,1,0
70,173558,713,3,1,0
34,96691,757,0,1,0
35,40082,635,1,1,0
34,114105,840,4,1,0
35,37086,656,3,1,1
34,97853,748,3,1,1
56,141925,707,2,1,0
59,110027,684,1,1,0
35,45916,703,2,1,0
32,45248,624,2,1,0
47,118047,668,3,1,0
35,54226,592,2,1,1
49,75025,656,0,1,0
44,157850,662,3,0,0
25,68380,767,5,1,0
60,47848,673,2,1,1
63,54274,664,3,1,0
34,84545,717,1,1,0
37,65233,714,4,1,1
45,66304,652,3,1,0
46,61294,731,5,0,1
49,76425,685,2,1,1
66,150777,652,0,1,0
39,39425,660,3,1,0
32,74990,775,1,1,0
25,61212,662,0,1,0
33,103746,720,3,1,0
41,118295,597,2,1,0
63,56091,789,2,1,0
35,30002,653,2,1,1
44,100411,732,1,1,0
41,90958,679,3,0,0
56,135696,731,2,1,0
70,191779,735,3,0,1
35,45248,688,5,1,0
36,101309,550,0,1,0
54,128322,787,0,0,1
50,101720,688,2,0,0
64,186109,729,3,0,0
49,117421,755,2,1,0
37,111867,663,2,1,0
49,90612,741,3,1,0
55,53450,640,0,1,1
51,59491,731,1,1,0
48,124804,701,2,1,0
54,143293,666,3,1,0
56,159498,703,4,1,1
58,177863,615,4,1,1
49,155475,724,4,1,0
39,58314,733,1,1,0
43,101883,727,2,1,0
56,127086,820,4,1,0
32,95629,692,1,1,0
46,151291,697,1,0,0
37,39967,606,1,0,0
42,131754,825,0,1,0
57,83220,580,3,1,1
44,124163,718,2,1,0
42,54947,650,2,1,0
25,59419,704,1,1,0
50,106131,595,3,1,0
49,138714,771,1,1,0
67,68876,623,2,1,0
38,118444,793,3,1,0
44,151448,625,2,1,0
44,69971,778,3,0,0
60,89228,633,0,1,0
40,124495,650,2,1,0
45,78261,699,2,1,0
49,156601,632,1,1,0
44,111260,629,2,0,0
36,111371,633,1,1,0
44,134793,725,4,0,0
54,53346,699,0,0,0
29,50807,704,0,1,0
43,145954,674,3,1,0
33,86176,743,1,1,0
56,92300,784,3,0,0
25,31340,746,1,0,1
35,63012,683,2,1,0
46,85393,602,1,1,0
60,142153,541,3,1,0
41,125133,694,0,1,0
35,55557,540,2,1,0
64,113273,684,1,1,1
25,66792,812,4,1,0
25,64768,607,1,1,0
47,156637,597,4,1,1
35,47276,750,5,1,1
29,74639,475,3,1,0
50,57310,730,0,1,1
44,85167,817,3,1,0
35,114880,630,0,1,0
26,30391,616,1,0,1
52,100621,747,4,1,0
49,60892,606,2,1,0
40,126733,764,1,1,0
64,149264,612,1,1,0
29,33535,841,0,1,0
25,61002,752,3,1,0
33,100658,703,1,1,0
41,59852,836,2,1,0
44,55387,782,4,1,0
39,69994,729,1,1,0
46,153412,550,1,1,0
26,71376,643,4,0,0
59,171632,786,1,1,0
41,106565,595,5,1,0
55,41312,638,3,1,0
46,68205,618,2,1,0
47,61595,732,0,1,0
48,137566,777,2,1,0
47,71329,777,3,1,0
49,153678,631,3,0,0
57,108187,731,1,1,0
44,125542,628,2,1,0
50,158237,683,0,1,0
40,85645,741,1,1,0
59,127502,784,4,1,0
33,117310,528,3,1,0
63,109619,707,1,0,1
41,83513,812,1,1,0
25,28749,718,0,1,1
43,80783,706,3,1,0
33,90645,654,1,1,0
52,132861,810,1,1,0
34,83175,658,1,1,0
36,114216,691,1,1,0
25,37323,662,0,1,0
36,80762,708,1,1,1
25,42684,814,2,0,1
25,54493,627,0,1,1
51,108328,709,2,1,0
51,62213,731,2,1,0
47,147367,635,0,1,0
30,76930,695,4,0,1
41,77713,848,1,1,0
41,157157,558,2,1,0
28,27187,666,3,1,1
60,72583,720,2,1,0
52,129944,669,1,1,0
39,52369,900,2,1,0
42,97928,743,3,1,0
44,118950,616,1,1,0
25,70308,513,1,0,1
39,49510,727,1,1,1
33,42120,639,1,1,1
29,54311,803,0,1,0
38,35295,678,3,1,1
63,60460,654,2,0,0
49,64963,653,2,1,0
35,107116,778,0,1,0
48,137822,733,3,1,0
58,67328,840,0,1,0
53,134629,682,3,1,0
42,71605,768,2,1,0
34,74813,770,1,1,0
50,96371,753,1,1,0
46,158241,659,2,1,0
52,97598,737,1,0,1
49,110776,692,2,1,0
54,122258,690,3,1,0
35,70969,635,2,1,1
57,102784,530,0,1,0
44,99882,799,1,1,0
66,187000,734,0,1,0
33,51274,592,3,1,0
62,169994,757,4,1,0
44,84416,801,3,0,1
34,116148,762,0,1,0
36,90998,628,3,1,0
38,59047,641,2,1,0
47,93356,656,4,1,1
48,87134,768,1,1,0
35,97042,738,3,1,1
41,101310,900,1,1,0
67,120758,568,2,1,0
62,183435,695,2,1,0
47,135149,545,2,1,0
42,94563,747,5,1,1
43,80628,785,1,1,0
49,158162,815,2,1,0
29,65384,715,2,1,0
38,99672,546,1,1,0
25,66246,695,1,0,1
46,61161,734,2,1,1
49,150993,619,1,1,0
36,119110,678,5,1,0
60,42810,597,1,1,0
27,79860,650,0,1,0
25,31663,772,4,1,1
44,121688,754,2,1,0
54,115548,588,2,1,0
62,51162,643,2,1,0
36,117858,704,1,1,0
54,123535,718,1,1,0
41,57219,646,3,1,1
39,100864,738,1,1,0
52,53621,697,0,1,0
49,139792,493,5,1,0
25,64433,654,2,1,1
59,106188,651,1,1,0
58,121718,754,2,1,1
34,66558,755,0,1,0
46,65659,566,2,1,0
47,84413,735,3,1,0
45,60435,694,2,0,1
35,83911,710,1,1,0
33,58067,650,1,1,0
41,137794,695,2,1,0
56,133823,792,2,1,1
48,119224,708,5,1,0
37,103225,696,0,1,0
51,51379,661,2,1,0
25,57011,784,5,1,0
55,148541,597,4,1,0
25,47624,635,4,1,1
37,118427,592,2,1,0
28,69098,716,1,1,0
26,76971,794,0,1,0
55,168701,673,2,1,0
36,87745,614,3,1,0
46,101805,830,3,1,0
41,153915,736,0,0,1
47,62516,722,4,1,0
42,129422,684,2,1,0
26,40307,753,4,1,1
53,74843,720,3,1,0
36,35912,661,0,1,1
25,41514,674,2,1,0
36,117359,618,1,1,0
60,199869,608,3,1,0
52,56449,676,4,0,1
37,31725,792,2,0,1
37,111406,617,2,1,0
38,39304,766,3,1,0
66,165555,636,3,1,0
46,63663,557,0,1,0
47,120320,743,5,1,0
54,125008,830,2,1,0
44,144488,631,4,1,0
38,105591,574,2,1,0
39,42676,736,3,1,0
41,75192,626,1,1,0
41,74722,742,5,0,0
50,57446,792,2,1,0
42,54725,726,2,1,0
50,135597,764,1,1,0
41,138207,765,0,1,0
42,107632,779,1,1,0
25,21409,703,1,1,0
52,123741,762,1,1,0
46,66365,713,2,1,0
53,115792,731,1,1,0
25,70873,900,3,1,0
67,186776,719,3,1,0
40,100575,580,3,1,0
55,159641,684,4,0,0
29,55758,675,3,1,0
49,51195,678,4,1,1
29,73711,776,1,1,0
34,83517,790,3,1,0
64,74012,691,3,1,0
39,41415,588,1,1,0
44,89534,707,2,1,1
52,71686,656,3,1,0
47,127198,716,1,1,0
43,78743,690,3,1,1
46,82161,797,3,0,0
70,42402,721,1,1,0
41,113190,656,5,1,0
44,102551,589,5,1,1
54,63275,696,1,1,0
55,199254,696,5,1,1
56,54915,679,2,1,1
49,50909,762,1,1,0
28,68574,589,2,1,0
61,105908,638,0,1,0
28,42620,704,4,1,1
45,84112,655,1,1,0
32,104051,671,1,1,0
41,52431,695,0,1,0
45,136590,754,1,1,0
45,112175,691,2,1,0
47,82624,542,3,1,0
61,101264,651,2,1,0
47,81958,739,2,1,0
39,31695,761,2,1,1
53,150211,765,4,1,0
56,159502,788,1,1,0
27,69932,709,2,1,0
49,149323,721,3,0,0
50,94225,618,2,1,0
38,31403,526,5,1,1
58,50839,586,0,1,0
40,115546,643,5,1,1
43,154634,591,2,1,0
39,77829,676,2,1,0
42,59230,663,1,1,0
28,71977,775,3,1,0
25,60232,622,1,1,0
61,153050,711,3,1,0
31,55651,666,3,0,0
30,69963,619,2,1,0
25,75872,641,3,0,1
34,109198,535,1,1,1
26,33739,759,1,1,0
61,170697,812,3,0,0
54,113294,678,2,0,1
33,78356,702,3,1,0
69,41789,676,3,0,1
53,69420,634,1,1,0
38,119297,756,0,1,0
25,60366,725,3,1,0
69,158341,467,1,1,0
25,64135,617,1,1,0
25,57067,535,1,1,0
54,108420,824,1,0,0
70,57357,686,3,1,1
58,78262,719,1,0,0
48,126853,671,3,1,0
49,108643,788,5,1,0
52,71534,768,0,1,0
51,141270,682,3,1,0
45,151433,837,2,1,0
43,82872,714,1,1,0
41,155737,583,3,1,0
32,37689,708,1,1,0
38,99103,741,0,1,1
25,40732,689,1,1,0
40,136310,667,5,1,0
30,118731,841,1,1,0
28,70333,605,4,1,1
44,87412,478,4,1,0
58,87734,829,1,0,0
53,159634,601,2,1,0
25,42257,677,3,1,0
30,99930,669,1,1,0
53,151838,798,3,0,1
30,52228,814,3,1,0
39,107924,596,3,1,0
48,61319,808,1,1,0
30,36475,807,3,1,1
43,147091,701,4,1,0
25,38158,774,3,1,0
34,44728,782,0,1,1
45,79545,679,5,1,0
25,51100,687,2,1,0
47,131686,747,2,1,0
41,148750,569,1,1,0
48,148412,671,0,1,0
44,111756,603,3,0,0
58,70615,813,2,1,0
43,63746,670,2,1,0
36,116457,722,4,0,1
43,72745,682,4,1,0
48,51245,677,1,1,1
42,74853,716,1,1,0
42,77632,641,1,1,0
33,42856,684,0,1,1
34,86893,683,2,1,0
25,25105,666,2,1,0
62,108049,731,2,1,1
27,78182,664,0,0,0
33,32801,828,5,1,0
33,109431,750,0,1,0
52,89749,592,3,1,1
38,103757,744,0,0,0
56,95654,644,1,1,0
33,101574,710,0,1,0
45,147567,641,2,1,0
31,85381,524,0,1,0
67,98601,698,1,1,0
27,35082,585,0,1,0
45,64648,733,1,1,0
49,50364,713,1,1,0
46,84568,651,3,1,0
39,109646,846,4,1,0
40,121494,600,4,1,0
42,124632,650,1,1,0
40,57436,610,3,1,1
53,136713,863,3,1,0
68,197826,808,1,1,0
35,90194,586,0,1,1
25,44544,633,0,1,0
40,110180,636,1,0,0
70,103295,655,0,1,0
32,42638,616,2,1,0
61,109409,651,2,1,0
62,166839,780,2,1,0
35,47157,855,3,1,0
48,95565,576,2,1,1
61,105888,616,1,1,0
37,86095,717,4,1,0
39,94947,573,3,1,1
35,117122,719,0,0,0
29,25344,743,3,1,0
34,34507,756,2,1,0
27,57598,740,1,1,0
42,93988,657,1,1,0
32,46865,685,2,1,0
44,152591,605,2,1,0
25,47213,737,5,0,0
45,105954,828,2,1,0
52,107450,736,3,1,0
25,24477,644,1,1,0
46,112222,779,4,1,0
56,177605,889,3,1,1
27,69395,719,3,1,0
62,194468,744,1,1,1
47,62755,754,3,1,0
33,30865,571,3,1,0
41,61173,667,2,1,1
48,108905,658,0,1,0
42,88097,766,1,0,0
48,83371,757,1,1,0
30,41254,690,1,1,1
44,54018,654,0,1,0
25,25192,565,0,1,1
40,52015,698,1,1,0
31,98916,623,0,1,1
33,58343,613,1,1,0
56,109306,774,3,1,0
55,45829,765,5,1,0
49,84381,660,4,0,1
28,65915,574,2,1,0
38,111081,633,2,1,0
56,58263,779,2,1,0
43,153676,737,4,1,0
69,98418,662,3,1,1
46,140898,704,2,1,0
44,50148,534,3,1,0
38,31754,527,2,1,0
43,76745,858,2,0,0
40,122914,740,3,1,0
50,105833,700,2,1,0
53,70140,668,2,1,0
32,104907,559,1,1,0
26,46999,779,1,1,0
25,32779,609,2,1,1
48,81075,756,0,1,0
28,50697,710,0,1,1
25,78268,695,1,1,0
46,104544,595,2,1,0
70,49795,596,0,1,0
41,114555,731,3,1,0
52,102204,706,1,1,0
42,153996,703,2,0,0
40,119754,722,1,1,0
53,114860,545,1,1,1
38,81529,781,1,0,0
45,61672,671,0,1,0
45,104238,793,2,1,0
33,65950,539,2,1,0
53,61009,745,2,0,0
39,77096,744,4,1,0
32,49544,581,1,1,0
48,105728,648,4,1,0
31,59381,615,1,1,0
42,75287,769,4,1,0
41,114610,724,1,1,0
55,108122,827,1,1,0
47,118184,716,2,1,0
41,90081,758,3,0,0
51,133637,793,0,1,0
58,127228,744,1,1,0
48,122943,669,2,1,0
42,132790,654,1,0,0
26,35234,693,2,1,0
29,72726,763,1,1,1
38,52211,638,3,0,1
34,59480,752,2,1,0
39,77780,725,1,1,1
42,107138,599,4,1,1
48,140382,748,0,1,0
41,92503,711,1,1,1
47,107893,655,3,1,1
42,96193,710,2,1,1
25,68466,659,3,1,0
30,91358,719,2,0,0
40,130857,686,0,1,0
27,32646,577,1,0,0
49,72117,688,2,0,0
60,157928,664,1,1,1
56,98706,750,5,1,0
39,100429,770,0,1,0
59,180548,659,0,1,0
43,132806,636,4,1,0
37,85006,565,1,1,1
34,117238,634,0,0,1
38,99918,674,4,1,0
37,93155,592,1,0,1
44,117321,771,3,1,0
43,95798,720,2,0,0
42,127271,690,1,1,1
47,80177,698,3,1,0
56,168022,724,0,1,0
53,132215,750,2,1,0
25,63013,764,1,1,0
25,55365,675,4,1,0
53,132600,688,1,1,1
25,50563,713,2,1,0
39,83450,685,1,1,0
27,53092,769,1,1,0
25,67928,798,2,1,0
48,142403,727,1,1,0
51,95382,627,1,1,0
35,115038,740,4,1,1
25,20760,730,2,1,0
35,54142,620,1,1,0
46,157532,730,4,1,0
25,37290,656,2,0,0
44,121035,759,2,1,0
41,50364,740,0,0,1
48,106921,717,2,1,0
43,69797,703,1,1,0
30,62535,529,2,1,0
56,86300,602,4,1,0
40,97176,689,2,1,0
41,66105,821,0,1,0
30,37939,745,0,0,1
36,109472,845,3,1,0
31,72029,706,0,1,1
39,45863,697,2,1,1
62,118097,814,2,1,0
25,30447,687,3,1,0
25,50624,621,1,1,1
59,86940,725,2,1,1
39,107947,789,5,1,0
33,115001,633,2,1,0
54,153752,747,1,1,0
34,49642,692,0,1,0
63,47928,736,2,1,1
50,98002,725,0,1,0
36,114853,666,3,0,1
67,154614,691,0,1,1
34,55017,671,4,1,0
50,129064,709,2,1,0
45,63313,632,0,1,0
57,172631,651,3,1,0
60,90893,666,1,0,0
42,65167,731,5,1,0
32,110879,586,1,1,0
47,88598,691,1,1,0
33,37523,643,2,1,0
66,89777,667,1,1,1
43,78439,647,2,1,1
37,111060,715,2,1,1
44,63285,687,2,1,0
25,30973,756,2,1,0
30,52694,732,2,0,0
56,175374,577,5,1,0
34,52391,623,2,1,0
29,24611,686,1,1,0
48,59372,696,3,0,0
56,195384,630,0,1,0
50,64080,804,3,1,0
53,130618,769,2,1,0
32,50874,568,1,0,0
25,28378,727,2,1,0
60,172669,696,3,1,0
38,41600,799,1,1,0
38,33747,574,1,1,0
57,119415,864,3,1,0
48,128553,632,1,1,0
47,74815,730,1,1,0
67,134348,651,2,1,0
34,54714,669,4,1,0
53,68890,564,5,1,1
42,111509,795,0,1,0
45,111824,678,2,1,0
60,175797,683,1,1,0
48,93205,884,5,1,0
48,70684,776,3,0,1
54,141861,646,4,0,1
37,87911,651,3,1,0
31,43092,720,5,1,1
29,50382,761,2,0,0
25,59770,840,3,1,0
66,65457,571,2,1,0
28,26131,758,5,1,1
39,92894,771,2,1,0
38,91305,636,2,1,0
45,62612,671,1,0,1
51,152841,569,3,1,0
52,128627,659,2,1,0
35,67089,718,2,1,0
39,82137,827,3,0,0
45,50559,834,3,1,0
39,96249,617,3,0,1
61,77361,816,1,1,0
47,130720,544,3,1,0
50,65261,653,5,1,0
49,70372,675,3,0,0
56,95355,720,1,1,1
44,147676,708,1,0,0
26,53024,729,2,1,0
46,107920,685,1,1,0
34,62544,776,1,1,0
35,30037,755,0,1,0
49,93032,676,1,1,0
56,81420,767,3,1,0
42,147243,865,2,1,0
45,141552,646,3,1,0
62,169380,834,3,1,0
44,84600,653,2,1,0
70,129520,812,1,1,0
48,55167,656,1,1,0
25,20432,761,2,0,1
51,119687,714,0,1,0
46,121947,557,2,1,0
57,136324,853,3,1,0
50,100903,628,3,1,0
40,142159,598,5,1,0
27,74149,648,2,1,0
39,117640,900,2,1,0
31,86768,599,1,1,0
35,90184,714,1,1,1
49,115792,610,0,1,0
62,73439,623,3,0,0
46,83257,572,5,1,0
27,59657,725,0,1,0
47,94674,687,4,1,1
56,91248,609,3,1,0
34,113602,769,1,1,0
40,95371,778,0,1,0
42,148282,732,5,1,0
32,97996,793,4,1,0
49,87297,672,2,0,0
40,104273,725,3,1,0
47,111256,672,2,0,1
31,64743,579,3,0,1
36,98752,717,2,1,0
50,129803,712,2,1,0
37,105117,697,3,0,0
62,62076,729,2,1,0
37,105312,812,1,1,0
44,137483,683,2,0,1
53,52963,623,1,1,0
25,73681,680,1,1,1
25,26786,689,1,1,0
25,33866,778,2,1,0
57,144504,708,2,1,0
35,62305,608,1,1,0
70,145649,764,2,1,0
35,62813,751,3,0,0
44,116729,708,3,1,0
60,44512,775,0,1,0
66,193738,789,2,1,0
66,187702,669,0,0,1
56,157907,627,2,1,0
54,124519,699,1,1,0
49,50636,742,1,0,0
51,53775,691,2,1,0
35,97957,620,0,0,0
32,94591,713,1,0,1
41,128561,537,3,0,0
39,104816,674,2,1,0
36,41351,768,3,1,0
50,153627,772,2,1,0
53,105184,399,3,1,1
43,145707,684,1,1,0
59,121678,747,0,0,0
28,27773,605,2,1,1
39,40778,670,2,1,0
33,42501,796,2,1,1
25,67177,661,2,1,0
41,52108,827,3,0,1
40,144905,640,3,1,1
60,76382,812,3,1,0
49,141354,702,2,1,0
29,30251,629,2,1,0
64,63341,813,2,1,0
56,185439,603,1,1,0
48,145208,636,2,1,0
39,99868,739,1,1,0
30,42002,706,2,1,0
37,115820,721,1,1,0
55,99949,670,4,0,1
64,186772,604,3,1,0
60,102543,647,5,1,0
36,59318,805,2,1,0
28,44323,593,4,0,0
43,77610,831,3,0,1
25,26963,725,2,1,0
45,123374,652,0,1,1
40,115226,539,1,1,0
36,75167,550,0,1,0
25,32243,671,0,1,1
48,77939,661,5,1,0
35,91365,709,2,1,0
27,21845,837,5,1,0
25,66710,743,0,0,1
41,66766,689,1,1,0
63,142416,797,3,0,0
61,52780,712,0,1,0
36,78458,827,2,1,1
34,86221,646,3,1,0
47,158392,608,3,1,1
30,31509,539,3,1,0
45,139493,691,3,1,0
51,84346,601,0,0,1
56,156850,600,1,1,0
40,96874,782,1,1,0
39,56148,562,0,1,0
31,61533,708,2,0,0
32,108467,693,3,1,0
39,31359,707,1,1,0
46,140068,810,2,1,0
52,110313,633,0,1,1
32,50344,810,3,1,0
59,158499,559,2,1,0
38,99778,752,1,0,0
41,70601,818,3,1,0
33,49116,375,1,1,0
25,76985,697,2,1,0
52,151013,690,2,1,0
50,80782,705,1,0,1
38,79819,836,3,1,0
42,134416,638,0,1,1
48,119035,605,2,1,0
25,51587,706,2,1,0
35,74458,789,3,1,0
51,141556,744,1,1,0
26,78689,702,2,1,0
45,58080,681,1,0,1
25,43207,539,4,0,0
47,83957,746,2,1,1
41,63908,756,3,1,0
25,50652,644,1,1,0
55,161292,662,1,1,0
33,108287,616,5,1,0
32,77482,769,2,1,0
44,149329,670,2,0,0
55,165291,688,1,1,0
29,52839,750,2,1,0
42,88314,726,2,1,0
47,150989,745,1,1,0
50,124921,713,3,1,0
44,133768,715,1,0,1
37,45831,715,3,1,0
32,50125,736,1,0,1
43,112451,740,2,1,0
29,65708,602,0,1,0
25,37682,652,2,1,1
47,152406,683,4,1,0
52,132824,736,0,1,0
25,55794,827,1,1,0
29,79372,634,3,0,1
49,89477,770,1,1,0
66,173692,654,4,1,1
42,150950,809,0,0,1
33,65057,852,2,1,0
39,70138,560,2,1,0
58,93024,673,1,0,0
34,39677,511,1,0,1
32,74111,564,4,1,0
36,54074,569,3,1,0
30,47824,749,4,0,1
43,50765,734,1,1,1
61,137151,764,3,1,0
45,98926,748,2,1,0
38,66860,738,1,1,0
38,42975,708,2,1,0
25,29341,689,0,1,1
52,143677,781,2,1,0
41,127870,700,3,0,0
39,111371,742,2,1,0
70,197620,513,3,1,1
45,150970,605,0,1,0
32,68736,778,3,1,0
36,91562,646,2,1,1
55,80409,588,2,1,0
43,134101,751,3,0,1
25,29834,700,1,0,1
53,152192,667,5,1,0
33,30840,820,0,1,0
64,71568,806,2,1,0
54,60846,684,2,1,1
36,35899,757,1,0,0
57,126038,520,1,1,0
42,116101,787,1,1,0
52,88773,613,3,1,0
47,157460,583,0,1,0
31,104723,557,5,1,0
34,102762,550,0,0,0
54,157683,786,2,1,0
37,34311,750,1,1,0
37,86888,638,0,1,1
30,71616,768,3,1,0
47,102134,652,1,1,1
66,46083,725,1,0,1
29,32598,661,2,1,0
42,132476,690,2,1,0
58,132416,627,1,1,0
41,52580,639,2,1,1
47,107395,743,3,1,0
29,62321,756,0,1,0
47,59386,666,2,1,0
39,83171,577,2,1,0
53,69522,897,1,1,0
56,185707,702,1,1,0
70,171743,724,1,1,0
48,83545,599,2,1,0
45,104079,797,3,1,0
44,76855,809,0,1,0
37,65790,563,2,0,1
46,101012,691,4,1,0
38,44260,685,0,1,1
44,115139,891,2,1,0
57,41074,815,3,1,0
29,62676,583,2,1,0
55,180547,641,5,1,0
57,186192,628,1,1,0
40,73147,729,4,1,0
25,21986,825,5,0,1
34,62430,708,4,1,0
57,95479,740,2,1,0
41,132966,646,2,0,0
30,32176,739,1,1,0
35,114258,662,0,0,0
52,158351,568,3,1,0
48,134153,734,2,1,0
39,91918,699,2,1,0
37,57115,612,2,1,0
37,107442,831,2,1,0
30,70002,638,0,1,0
61,97124,748,0,1,0
38,36610,670,1,1,0
56,89752,823,1,0,1
60,118947,680,5,1,0
53,124716,566,0,1,0
36,77993,764,3,1,0
46,60073,823,2,1,0
41,87251,665,2,0,0
31,101437,754,0,1,0
45,88897,710,2,1,1
27,70906,669,3,1,1
56,91616,767,2,1,0
36,34482,635,1,1,0
44,157990,702,2,1,1
45,140964,720,5,1,0
38,102936,717,0,1,0
49,89574,637,5,0,1
36,73284,864,4,1,0
52,122932,800,1,1,0
25,27338,779,0,0,1
43,92718,814,2,0,1
65,183572,705,1,1,0
29,31545,670,0,1,0
33,91480,612,1,1,0
48,55241,643,5,1,0
44,139314,618,1,1,0
46,72821,657,1,1,1
47,54695,722,3,1,1
49,127066,773,3,1,0
55,54318,770,0,1,0
46,100934,606,1,1,0
39,52331,755,0,1,0
50,102672,791,0,1,0
64,131891,679,3,1,0
40,126860,795,3,1,0
30,98754,770,1,1,0
55,125677,598,1,1,0
40,152320,875,3,0,0
25,22837,642,3,1,0
52,155338,776,2,1,0
35,70077,773,3,1,0
40,129915,602,1,1,0
45,54239,714,2,1,0
44,136348,772,4,1,1
50,79669,601,0,1,0
36,78624,707,2,0,1
48,125147,779,2,1,0
38,34150,784,4,1,0
50,61109,668,2,1,0
49,149750,823,4,0,0
30,56016,804,2,1,0
55,183008,719,1,1,0
35,41036,647,1,1,0
51,89236,606,0,1,1
46,64021,730,1,1,0
64,76943,817,4,1,0
39,111007,688,2,1,0
37,80016,631,0,1,0
41,73244,765,2,1,0
38,93027,713,3,0,1
51,88985,741,2,1,1
25,58440,657,1,1,0
29,21502,670,3,1,0
29,73836,657,3,1,0
53,149714,739,3,1,0
62,43770,672,1,1,0
40,92865,747,2,1,1
39,83811,650,1,1,0
42,54001,739,0,1,0
55,100848,756,0,1,0
30,82635,726,3,1,0
44,70946,773,4,1,0
53,116134,661,4,1,0
48,145852,755,2,1,0
44,141103,718,1,1,0
54,142044,635,2,1,0
25,63744,547,2,1,0
50,89159,564,0,1,0
34,53671,523,3,1,1
25,36450,734,1,1,0
48,64908,674,1,1,0
58,97813,706,1,1,0
40,146748,685,2,1,0
53,158220,746,2,1,0
61,177878,748,2,1,0
57,144733,703,2,1,0
61,166865,708,1,1,0
50,133551,711,3,1,0
42,89220,811,2,1,0
25,37158,539,0,1,1
39,110992,646,0,1,0
31,57588,769,3,0,1
68,102576,788,1,1,0
39,118027,734,2,1,1
43,74188,685,2,1,0
48,142615,848,1,1,0
42,108830,714,3,0,1
62,175091,702,1,1,0
34,42419,806,2,1,0
44,83697,738,5,1,0
33,114932,775,3,1,0
26,74176,784,4,0,0
34,37973,670,4,1,0
41,158001,841,1,1,0
36,116649,503,0,1,0
33,41136,541,2,0,1
25,39203,645,2,1,1
41,112502,666,0,1,0
25,51285,729,3,1,1
51,73039,644,2,0,1
42,116720,699,2,1,0
25,77632,683,2,1,0
38,118263,860,2,0,1
32,89155,635,1,1,0
45,66911,565,2,1,0
58,40916,789,1,1,0
25,79052,642,1,0,1
43,119110,692,0,1,0
40,151623,648,5,1,1
50,67790,758,2,1,0
44,133161,590,4,1,0
32,35206,476,1,0,1
38,115053,803,2,0,0
32,79950,719,3,1,0
54,106361,785,2,1,0
42,111451,800,1,1,0
64,77696,626,4,1,0
41,131641,704,1,1,0
33,98226,740,1,1,0
25,56859,691,3,1,0
25,76434,675,1,1,0
25,78585,682,2,1,0
45,96728,786,2,1,0
48,105401,679,0,1,0
25,20690,748,4,1,0
52,75103,727,1,1,0
36,64263,622,1,1,0
43,126621,724,1,0,1
61,90044,576,2,1,1
52,107730,732,3,1,0
38,55825,771,1,1,0
31,106256,789,1,1,0
25,58641,623,1,1,1
33,67271,657,1,1,0
39,107256,722,1,1,0
30,76732,661,5,1,1
40,116433,545,1,1,0
42,132630,656,4,0,1
39,53572,722,3,1,1
34,68546,785,3,1,0
44,65150,835,2,1,0
47,104165,709,1,1,0
28,73664,745,1,1,1
58,76948,776,2,1,1
40,87030,535,3,1,0
42,77007,618,0,0,1
50,150819,708,0,1,0
44,141207,824,3,1,0
53,140921,750,3,1,0
45,126772,726,1,1,0
34,52024,681,2,0,0
46,89384,734,2,1,0
28,37376,652,3,1,0
43,152674,637,0,0,0
41,68157,644,1,1,0
39,115481,807,2,1,0
40,152120,632,3,0,0
25,43017,668,2,1,0
35,31756,737,4,1,0
43,150677,629,1,1,0
43,118112,718,1,1,0
29,45467,718,1,1,0
57,142488,650,3,1,0
31,88051,679,2,1,0
53,150701,624,5,1,0
47,114595,810,3,1,0
34,108210,720,1,0,1
63,175607,616,4,1,0
27,76035,710,1,1,0
53,97367,713,1,1,0
54,157472,520,1,1,0
33,47118,807,0,1,0
58,99884,620,1,1,1
38,96168,867,3,1,0
45,63280,763,5,1,0
45,64746,609,4,1,0
40,152572,674,4,1,1
51,103251,773,2,1,0
51,134821,680,2,1,0
25,38047,794,1,1,0
57,50207,669,2,1,0
25,25591,693,1,1,0
54,77757,776,3,1,0
55,187298,748,2,1,0
28,49732,625,2,1,0
37,91407,734,4,1,0
28,47206,713,3,1,0
39,50256,627,1,1,0
38,63822,588,2,1,1
51,91340,545,3,1,0
57,83351,676,5,1,0
58,146311,695,2,1,0
35,78671,740,1,1,0
39,105320,765,1,1,0
25,57029,666,2,1,0
32,65157,693,0,1,0
53,69937,639,2,1,0
61,51219,706,3,1,1
27,29399,777,1,1,0
34,57657,708,1,1,0
41,70047,793,0,0,1
45,150543,776,0,1,0
32,106095,816,2,1,0
47,135693,710,2,1,0
36,102154,657,0,0,1
41,94891,749,2,0,0
48,56780,670,5,1,0
42,77050,747,3,0,0
36,103551,646,3,1,0
40,118666,633,5,1,0
40,143619,797,2,0,0
37,112016,618,5,0,1
38,83010,781,1,1,1
61,78165,746,2,0,0
48,61528,707,3,1,1
38,79608,548,0,1,1
50,55914,818,2,0,0
37,67136,625,2,0,0
56,182251,776,3,1,0
46,136008,644,4,1,0
40,62076,638,5,1,1
47,74783,753,2,1,0
25,71089,743,1,1,0
28,66716,608,3,0,1
27,70298,814,3,1,0
43,104304,683,3,1,0
62,119360,705,4,0,1
68,109835,676,2,1,0
49,58118,611,2,1,0
48,126292,758,0,1,0
25,77786,723,2,1,0
35,86911,635,1,1,1
32,103489,775,3,1,0
34,45185,704,2,1,1
39,71792,706,3,1,0
36,110210,842,4,1,0
25,70613,571,1,1,0
50,83927,570,2,1,0
29,20386,588,2,1,0
44,142153,729,1,1,0
66,70020,671,3,1,0
30,72678,677,3,1,0
25,41159,624,2,1,0
38,91394,833,1,1,0
55,155377,860,3,1,0
65,161716,771,4,1,0
27,76414,579,2,0,0
47,104816,661,3,1,1
36,85918,766,0,1,0
40,141281,696,2,1,0
70,155640,772,2,1,0
25,49455,799,2,1,0
45,154446,852,1,1,0
47,88735,647,1,0,1
55,134702,706,3,1,0
43,155509,664,2,1,0
45,143608,539,1,1,0
37,42109,756,1,0,0
45,95802,745,0,1,0
37,98020,656,1,1,0
49,84622,572,3,1,0
37,32597,669,2,1,0
46,90597,758,0,1,1
41,90954,806,1,1,0
55,109519,642,3,1,0
41,106115,788,1,1,0
25,59452,749,4,1,0
57,188112,733,2,0,0
31,74772,596,3,1,1
34,93832,599,1,1,0
34,57916,633,2,1,1
58,84871,673,2,1,0
25,75991,844,0,1,0
70,66372,647,4,1,0
54,111707,761,3,1,0
44,89080,662,3,1,0
41,156242,737,1,0,0
45,92722,694,2,1,0
48,79048,714,3,1,1
49,135205,729,3,1,0
48,59777,680,2,1,0
43,104711,729,2,1,0
39,66331,798,1,0,0
40,70968,639,3,1,0
39,83969,794,2,1,0
55,51292,678,2,1,0
49,90794,670,3,1,0
25,33923,755,1,1,0
49,100192,672,3,1,0
44,77703,725,0,1,0
41,134193,718,3,1,0
37,99165,533,3,0,1
55,107650,733,3,1,0
53,106516,584,3,1,0
32,52257,590,3,1,0
46,150588,729,2,0,0
30,113509,742,0,1,0
25,45737,796,4,1,0
34,81672,612,2,1,1
52,113308,640,3,1,0
53,127583,737,2,1,1
48,72113,797,0,1,0
50,50694,715,3,1,1
48,65588,629,2,1,1
34,91756,820,2,1,0
47,114085,679,1,1,0
51,111142,681,2,1,0
51,114373,585,4,1,0
56,125603,757,2,1,0
50,56704,768,0,1,0
46,90136,643,1,1,0
54,117507,840,1,0,0
41,97361,653,2,1,0
31,88847,750,2,1,0
40,156359,717,4,1,0
33,41441,537,5,1,0
33,44677,743,2,1,0
40,77818,736,2,1,0
32,31868,558,1,1,1
38,113591,822,0,1,0
25,78426,736,2,1,1
44,117264,799,1,1,0
42,123168,562,2,1,1
32,42043,667,3,1,0
49,121939,794,2,1,0
53,65732,574,1,0,0
25,75244,669,3,0,0
32,48526,732,2,1,0
32,39340,548,1,0,0
30,52394,594,5,1,0
51,148557,810,3,0,1
39,34102,704,2,1,0
38,49159,794,1,1,0
25,76830,714,3,1,1
49,115092,896,1,0,0
27,26212,735,2,1,0
42,147360,801,1,1,0
45,87405,680,2,0,0
58,170632,716,1,1,0
26,31525,751,2,0,1
25,48760,764,3,1,0
44,105186,696,2,1,0
63,163145,700,1,1,1
56,50532,740,4,1,0
44,129054,740,3,1,0
36,102012,617,0,0,0
51,135279,717,1,1,0
30,96540,725,0,1,0
47,158590,621,1,1,0
48,153021,772,2,1,0
54,53271,733,4,0,1
70,40209,886,1,1,0
46,140999,697,2,1,0
35,35539,790,4,1,0
41,69977,743,2,1,1
25,28606,853,2,0,1
33,98684,622,2,1,0
37,35607,660,5,0,1
35,115122,625,2,0,0
43,144786,693,0,1,0
32,81939,610,3,0,0
55,189666,577,4,1,0
42,108382,529,3,1,0
41,57399,524,2,1,0
38,55117,752,2,0,0
43,148662,663,5,1,1
51,83617,601,2,0,0
31,37498,647,3,1,0
34,80624,657,4,1,0
38,39628,622,2,1,0
25,20329,828,1,1,0
32,68619,813,3,1,0
36,37032,827,2,0,1
52,98094,714,1,1,0
45,88034,722,2,0,0
44,152658,647,1,0,0
52,136158,632,3,1,0
40,105264,701,2,1,0
46,144120,752,1,0,0
40,97850,795,3,1,0
45,54722,656,1,1,0
35,47772,599,1,1,1
25,40569,758,2,0,0
40,91679,554,3,1,1
59,44576,696,2,1,1
53,76707,707,4,1,1
53,149404,669,2,1,0
56,81476,576,1,1,0
43,80285,670,5,0,1
44,74154,831,2,1,0
34,50054,747,3,1,0
38,47165,792,4,1,0
49,64439,602,0,1,1
56,158211,720,1,1,0
40,94518,707,1,1,1
36,118051,708,1,1,0
42,76962,744,0,1,0
49,103934,711,1,1,0
25,62549,604,1,1,1
25,57763,749,2,1,0
35,94094,767,0,1,0
27,65278,805,3,1,0
35,49464,809,3,1,0
40,92036,738,2,1,0
36,63270,608,3,1,0
59,82299,577,1,1,1
45,135805,681,0,1,0
45,81541,773,1,1,0
49,123545,768,2,1,0
28,37007,721,0,1,1
54,141998,697,1,1,0
41,127078,852,1,1,0
50,132970,745,4,1,0
29,49765,693,1,1,0
25,43769,648,2,1,0
51,138001,619,4,0,0
46,137404,611,4,1,1
31,50156,619,0,1,1
31,115836,722,2,1,0
55,184507,698,0,1,0
27,24114,673,2,1,1
61,113631,758,1,1,0
31,67909,844,3,1,0
49,119487,634,0,1,0
38,51468,646,2,1,0
49,142609,522,3,1,0
35,77655,697,3,1,1
40,84341,689,3,0,0
42,114182,771,2,1,0
29,71786,693,1,1,0
50,118304,652,2,1,1
35,76514,715,0,0,0
39,63979,744,2,1,0
30,110981,570,2,1,0
25,75107,780,2,1,0
39,31160,804,1,1,0
70,127897,743,3,1,0
51,122577,625,3,1,0
41,134303,673,4,1,0
38,40846,794,1,1,0
42,154180,621,2,1,0
48,69924,750,1,1,0
27,65657,695,1,1,0
55,184954,712,3,1,0
50,130274,633,2,1,0
50,136555,726,4,1,0
47,51095,720,4,1,0
42,154205,579,1,1,0
50,90983,699,4,1,0
49,64123,749,5,1,0
37,96615,669,1,1,0
35,75278,504,3,0,1
43,147911,690,3,0,0
60,91999,817,2,1,0
27,51153,672,1,1,0
25,38344,814,2,1,0
43,149777,635,2,1,0
42,87656,607,3,1,0
44,120515,699,0,1,0
44,51212,634,3,1,0
39,39001,726,1,1,1
59,118784,670,2,1,0
25,53187,817,0,1,0
32,111144,664,0,1,0
40,86427,707,3,1,0
25,51368,747,2,0,0
39,100819,776,1,1,0
61,101160,818,2,1,0
42,75854,681,0,0,1
44,60715,668,2,1,0
26,36165,546,3,0,1
34,88784,863,2,0,1
37,56797,728,2,1,1
38,77573,760,3,1,0
57,116120,744,2,1,0
48,64780,703,3,1,0
28,57905,728,1,0,0
44,71573,655,0,1,0
47,83359,675,2,0,0
55,106062,623,2,1,0
60,113391,824,1,0,0
29,63463,744,4,1,0
32,46571,858,0,1,0
26,51740,883,1,1,0
39,49142,587,4,1,1
47,75104,778,2,1,0
53,58625,591,2,1,0
41,89199,714,2,1,1
38,45926,725,0,1,0
43,81218,597,1,1,0
31,74472,640,1,1,0
67,131916,728,3,1,1
25,77646,714,2,1,0
44,70566,618,1,0,0
66,73205,644,4,1,0
42,159084,580,3,1,0
39,59717,603,1,1,0
37,79984,670,4,1,0
39,55135,778,4,1,0
58,199236,789,1,1,0
25,28953,846,2,1,0
60,78562,733,2,1,0
25,23574,715,3,1,0
38,50169,739,1,1,0
36,89858,738,2,1,1
49,71604,570,2,1,0
25,44134,851,3,1,0
47,138738,545,1,1,0
66,171756,791,0,1,0
25,57001,704,1,1,0
44,58007,612,1,1,0
34,71787,742,1,1,0
47,99582,690,2,1,0
42,124791,645,1,1,0
34,113629,589,1,1,0
47,55782,582,5,1,0
63,106770,651,0,1,0
39,87645,669,1,1,0
50,153509,603,5,1,0
26,54188,703,4,1,0
30,61996,614,3,0,1
47,79204,728,1,1,0
59,57152,798,1,1,0
46,105186,723,3,1,1
38,115024,692,4,0,1
41,152659,657,0,0,1
26,39689,815,1,1,0
49,100690,684,2,1,0
52,144042,899,2,0,0
36,113251,605,2,1,1
36,87320,723,1,1,0
45,114226,813,1,0,0
36,86091,644,1,1,0
41,156565,681,3,1,0
67,193014,750,5,1,1
39,68712,731,4,1,0
37,95277,744,3,1,1
34,79632,792,1,1,0
50,88031,672,5,1,1
39,50478,814,2,1,0
34,52551,562,2,1,0
57,88068,786,0,1,0
59,133608,791,4,1,0
34,65561,638,3,1,0
25,22892,583,1,0,1
54,149502,681,5,1,0
33,54395,732,2,1,0
51,68756,673,1,0,1
25,71044,740,1,1,0
52,137710,855,0,1,0
27,54651,590,3,1,1
50,116333,543,3,1,0
42,123745,694,2,1,0
30,79306,645,3,1,0
37,51346,661,1,1,0
50,78024,801,1,1,0
43,144950,690,0,1,0
49,90818,697,2,1,1
65,45947,665,3,1,0
25,29617,696,2,1,0
61,167192,721,2,1,0
43,144238,900,0,1,0
31,97428,722,1,0,1
26,49754,793,1,1,0
39,93355,714,1,1,0
53,108241,537,0,1,0
40,118960,654,1,1,0
60,169958,722,2,1,0
25,62218,757,2,1,0
41,63418,716,3,1,0
26,49886,773,2,1,0
46,150319,583,5,1,0
52,138593,703,1,1,0
36,85184,806,2,1,0
25,24833,622,1,1,0
44,125430,789,2,1,0
47,91833,785,3,1,0
46,50565,601,2,1,0
56,58402,727,3,1,0
29,62845,712,2,1,0
50,125851,685,3,1,0
56,52834,577,3,1,1
25,22314,678,4,1,0
45,87180,687,2,0,0
35,33883,564,3,0,0
41,159688,595,1,1,1
46,125587,625,1,1,1
36,41695,616,3,1,0
33,53123,726,2,1,0
42,108481,772,2,1,0
28,27902,675,2,1,0
28,65955,761,1,1,0
50,67573,776,2,1,0
28,76308,693,0,1,1
49,144910,732,2,0,0
47,106494,682,1,1,0
25,32288,610,3,1,0
33,76978,640,4,1,0
56,157845,726,3,1,0
30,106095,690,5,1,0
36,84672,758,0,1,0
47,111821,549,1,1,0
51,133661,568,4,1,0
38,99224,577,1,1,0
34,119405,713,4,1,0
59,94796,589,1,1,0
62,168554,725,4,1,0
53,54023,760,2,1,0
43,132636,821,2,1,0
32,66735,812,0,1,0
32,102959,644,2,1,1
48,89218,566,3,1,0
47,62213,649,3,0,0
58,68460,778,2,1,0
49,114680,668,2,1,0
25,72189,698,2,1,0
54,81017,655,1,1,0
30,60990,826,3,1,0
37,49515,618,0,1,0
45,79991,705,4,0,1
65,178706,788,2,1,0
70,73001,847,0,1,0
49,51391,644,1,1,0
39,95206,776,2,0,0
48,159388,649,3,1,0
52,92215,810,2,0,1
38,109720,838,2,0,1
63,67114,628,2,0,1
44,61882,752,2,0,0
47,67273,789,2,0,1
49,156206,676,2,1,0
47,95647,743,1,1,0
52,132665,748,1,1,1
34,94892,860,1,1,0
35,72679,542,0,1,1
28,20427,695,2,0,1
47,146952,599,1,1,0
51,116267,701,2,1,0
47,50799,637,1,1,0
62,95659,679,2,1,0
41,144409,630,2,1,0
50,57025,712,1,1,0
28,34481,785,1,0,1
37,55411,670,0,1,0
50,146894,814,4,1,0
52,155928,783,4,1,0
38,44961,862,2,0,1
41,71767,732,2,1,0
25,75359,695,2,1,0
37,81690,573,3,1,1
52,102870,637,1,1,0
48,156536,683,3,1,0
48,86135,692,3,1,0
42,114514,887,0,0,0
42,136928,683,4,1,0
34,108798,558,1,1,0
50,120765,753,3,0,1
47,73772,748,2,1,0
47,68799,663,3,1,0
35,53555,870,1,1,0
25,46616,548,0,1,0
55,167219,799,2,1,0
36,49333,676,0,1,1
31,34261,623,0,1,0
50,119002,892,2,0,0
37,76553,758,2,1,0
54,53088,676,3,1,0
49,95783,674,2,1,1
50,51115,722,2,1,0
25,24578,663,3,1,0
56,112908,803,1,1,0
45,119109,707,2,1,0
37,32978,781,2,1,0
43,158943,716,3,0,0
25,29422,769,2,1,1
46,93626,807,3,0,0
29,43697,834,3,1,0
25,76174,739,2,1,0
25,50820,630,0,1,0
55,77743,686,3,0,0
34,100461,697,3,1,0
60,170288,654,3,1,0
35,59430,640,2,1,0
25,48834,713,2,1,0
28,44435,621,2,0,0
56,127212,605,3,1,0
40,105797,564,2,1,1
35,73554,738,1,1,0
43,104555,727,3,1,0
48,135350,674,2,0,0
55,54716,779,2,1,0
59,100261,620,2,1,0
37,57528,730,3,1,0
26,21995,704,0,1,0
37,52414,640,0,1,1
45,63844,660,1,1,0
30,66659,654,1,1,0
30,45522,720,1,0,1
46,155449,747,5,1,0
41,124034,665,1,1,0
42,92322,643,1,1,0
32,97638,710,2,1,0
39,38524,567,2,0,1
30,60846,702,0,1,0
52,123643,824,5,1,0
54,110096,643,1,1,0
25,69394,685,1,1,0
30,113804,781,5,1,0
25,67703,760,2,1,0
34,54399,704,2,1,0
40,125160,695,1,1,0
25,47126,601,2,1,0
30,118667,739,1,1,0
29,77646,592,4,1,0
44,98591,534,2,1,0
42,70714,780,0,1,0
33,65877,730,2,1,0
44,134106,770,2,1,0
35,108018,641,2,1,1
38,89136,737,2,1,0
62,160832,664,0,0,0
58,126576,673,2,1,0
26,33407,777,2,1,0
51,95468,688,1,1,0
51,148841,644,0,1,0
28,34166,590,1,1,0
51,122108,728,0,1,0
60,132508,784,3,0,1
28,66835,637,3,0,0
30,93333,755,3,1,1
54,92464,624,1,1,0
45,72923,759,0,1,0
48,111855,702,3,0,0
46,117445,721,2,1,0
46,148384,644,0,1,0
26,22083,728,4,1,1
54,96146,652,3,1,0
56,100032,666,1,1,0
39,47140,578,1,1,1
41,52670,638,2,1,0
25,56519,657,1,1,0
48,94512,725,1,1,0
48,107811,747,2,1,0
41,153565,651,2,1,1
55,185763,686,4,1,0
37,64262,834,0,0,1
48,104892,710,3,1,0
29,45595,657,2,1,0
41,107207,565,1,1,1
39,63440,631,1,1,1
44,58630,628,5,0,1
37,61250,858,2,1,0
40,144334,632,4,1,0
51,158572,704,2,1,1
36,107518,729,4,1,0
25,28655,788,2,1,0
62,140591,700,0,1,0
58,103753,659,1,1,0
26,64725,653,0,0,0
50,110520,728,1,1,0
35,34008,645,1,1,0
45,94464,611,2,1,1
45,157408,659,1,0,0
39,30496,594,1,1,0
32,53212,848,1,1,0
33,50637,747,2,0,1
31,75227,829,3,1,0
32,112413,738,1,1,0
41,133346,821,0,1,0
33,39884,729,3,1,0
50,118259,758,3,1,0
59,89810,529,5,1,0
35,34761,626,2,1,0
44,123166,702,2,0,0
47,66375,704,4,1,1
47,157045,693,1,1,0
42,75218,736,2,1,0
50,80565,739,2,1,0
47,152654,769,1,1,0
27,52975,753,0,0,0
52,77073,796,3,1,0
52,119726,796,5,1,0
32,31883,713,2,0,0
42,118422,866,2,1,0
50,99629,808,2,1,0
39,94170,635,3,0,0
54,124489,731,4,1,0
70,48381,552,0,1,0
32,53238,566,1,1,1
25,33795,660,0,1,0
45,145964,629,3,1,1
50,112999,660,0,1,0
39,79907,726,2,1,0
59,180710,798,5,1,0
25,24931,793,2,0,1
50,92623,733,2,1,0
34,68492,613,0,1,0
62,197483,655,1,1,0
65,150724,750,0,1,0
32,50534,633,3,1,1
35,59181,598,1,1,0
52,153069,739,3,0,1
37,49996,696,2,1,0
41,122089,683,0,0,0
42,155682,788,3,1,0
25,38073,787,2,1,0
41,122666,842,4,1,1
33,59405,647,1,1,0
36,101325,734,0,1,0
59,68930,701,3,1,0
26,68890,727,1,1,0
51,67529,609,1,1,0
38,83546,587,1,1,0
38,37942,696,1,1,1
51,57548,632,2,1,0
46,68296,775,2,1,0
48,101016,579,1,1,0
53,147780,586,1,1,0
38,30296,666,1,1,0
34,97945,576,2,1,1
28,79980,834,2,0,0
32,86782,685,2,1,1
70,136382,651,3,0,0
56,93444,737,5,1,0
25,55036,770,2,1,1
26,70146,716,4,1,0
47,89322,694,3,1,0
48,77167,621,4,1,0
48,101667,750,2,1,0
38,113337,813,2,1,0
40,101468,682,5,1,1
45,122894,632,1,1,0
43,103084,714,3,1,0
25,42588,700,5,1,1
39,92901,602,3,0,1
31,47671,659,1,0,0
44,133038,843,3,0,0
70,178709,592,0,1,1
46,50660,644,3,1,1
38,36922,624,1,0,1
53,143697,631,1,1,0
47,94721,664,1,1,0
47,107256,735,4,1,0
49,119506,804,2,1,0
66,164338,716,1,1,0
28,47843,645,2,0,1
47,59046,823,0,1,0
30,119336,534,4,1,1
48,113985,753,3,1,0
30,110083,617,3,1,1
36,60346,695,5,1,0
38,118284,745,3,1,0
53,152391,571,1,1,0
53,141384,711,3,1,0
27,73526,717,1,1,1
42,123143,816,4,0,1
33,66787,900,3,0,0
26,53583,575,0,1,0
39,42563,813,5,1,0
38,76060,696,3,1,0
70,161943,635,3,0,0
47,83690,729,5,0,0
25,65697,595,1,1,0
35,44925,600,2,1,1
54,136787,561,2,1,0
67,123184,743,4,1,1
25,40108,726,2,1,0
25,30979,634,1,1,0
64,176427,821,2,1,0
46,96069,646,2,0,1
31,84471,802,1,1,0
48,82705,709,1,1,1
25,63909,645,2,1,0
42,138606,690,3,1,0
45,103739,599,1,1,0
53,126820,717,3,1,0
29,41737,702,3,0,1
43,73241,742,1,0,1
30,57414,770,3,0,0
45,100818,709,1,1,0
31,50895,581,4,1,0
37,92409,774,1,1,0
30,85324,701,1,1,0
49,116920,548,2,0,1
52,103555,724,1,1,0
39,95453,730,3,1,1
42,72689,671,2,0,1
25,47475,684,2,0,1
38,38252,652,1,1,0
41,80844,733,0,1,0
70,135687,711,2,1,0
28,60006,627,1,1,0
59,63365,829,2,1,0
53,56026,646,4,1,0
45,148303,483,3,1,0
63,68523,662,0,1,0
46,60482,782,4,1,0
46,98888,683,0,1,0
41,156968,569,5,0,1
56,90110,617,0,1,0
55,171565,613,2,1,0
34,86194,653,4,1,0
26,36465,679,2,1,0
39,69767,739,3,1,0
32,59550,710,4,1,0
41,63833,714,5,1,0
56,174042,842,2,1,0
36,112681,768,3,1,0
41,151489,761,4,1,0
42,99177,554,4,1,0
52,117342,639,3,1,0
25,75803,572,2,1,1
34,101200,638,1,1,1
44,111501,763,2,1,0
56,68900,668,2,1,0
36,44126,785,4,1,0
25,65662,755,0,1,0
49,120690,704,5,1,0
34,117744,787,1,1,0
27,33767,809,2,1,0
34,115579,736,1,1,0
39,77994,718,0,1,0
34,97061,750,1,1,0
25,53528,587,1,1,1
52,66978,690,1,1,0
57,96344,698,3,1,0
49,96648,670,1,1,0
28,21055,636,5,1,1
39,105582,779,4,1,0
41,151387,713,4,1,0
49,131214,720,1,0,0
50,94876,813,3,1,0
33,68725,684,3,0,1
42,55255,668,4,1,0
47,124947,808,0,1,0
59,93380,580,1,1,1
50,103333,704,1,1,0
51,92459,640,0,1,0
43,86163,723,3,1,0
58,124730,745,1,1,0
46,69476,750,3,1,0
31,98580,782,5,1,0
58,145576,679,1,1,0
50,136593,684,1,1,0
36,99050,742,5,1,1
36,105526,771,2,1,0
45,154496,595,1,1,0
47,159071,725,1,1,0
44,57507,668,3,0,0
45,120393,706,3,1,0
62,183190,671,0,1,0
54,100529,642,0,1,0
44,118682,618,2,1,0
53,141937,687,2,1,0
29,74176,728,2,1,0
46,141713,651,1,1,0
63,144060,795,3,1,0
39,34414,896,1,1,0
31,113030,733,2,1,0
34,115973,696,3,0,0
28,23937,627,0,1,0
32,66731,729,2,1,1
37,116862,818,2,1,0
25,58665,855,0,1,0
42,124510,811,1,1,0
52,67500,767,1,1,0
31,31750,732,1,0,0
60,105018,616,2,1,1
48,54027,692,4,1,0
54,159832,682,0,1,0
34,35745,692,3,0,1
52,111731,642,1,1,0
28,41448,760,1,1,0
52,157983,678,0,0,0
44,78451,671,1,1,0
48,143743,642,1,1,0
27,25938,718,1,1,0
31,91536,819,1,1,0
49,62150,699,1,1,0
30,43406,722,2,1,1
47,69781,854,4,1,0
25,77417,796,5,1,0
52,153157,747,1,1,0
27,38325,743,1,1,0
48,118684,651,2,1,0
49,144415,643,1,1,0
33,103469,711,0,1,0
48,59436,713,1,0,0
45,67669,632,2,1,1
35,102010,756,0,1,0
29,67447,677,1,1,0
25,31228,790,2,1,1
46,149074,695,2,1,0
25,21843,688,5,1,0
43,115609,625,0,1,0
38,80812,633,2,1,1
50,66059,805,3,1,0
38,116269,721,1,1,0
38,70768,731,1,1,0
50,75395,828,4,1,0
46,70202,594,1,1,1
45,63273,753,3,1,0
47,98889,572,2,1,0
25,53099,664,4,1,0
51,123048,608,3,0,1
49,143767,768,3,1,1
29,43274,548,5,1,1
39,75510,681,2,1,0
41,137945,607,3,1,0
40,120649,631,0,0,0
46,156723,643,1,1,0
59,42881,805,3,1,1
54,95913,673,3,1,0
26,66324,838,0,1,0
49,134785,854,3,0,0
57,102457,869,2,1,0
46,85343,695,5,1,0
55,179728,716,4,0,1
66,45741,730,2,1,0
54,66661,670,1,1,0
44,147091,733,1,1,0
54,78690,625,1,1,0
43,82833,549,3,1,0
42,152566,757,2,1,0
37,101240,672,0,1,0
60,146898,621,0,0,0
32,107711,631,2,1,0
60,79023,821,1,1,0
47,90209,737,3,1,0
25,48054,578,3,1,0
46,136612,605,0,1,1
25,34986,676,5,1,0
49,64440,738,2,1,0
52,57960,636,1,1,0
34,52462,686,2,1,0
43,67821,709,1,1,0
65,198330,710,3,1,1
35,118952,508,3,1,0
29,42115,717,0,1,0
59,158066,561,4,1,0
65,119364,677,1,0,1
42,120077,659,1,0,1
54,90644,613,0,1,1
58,102643,767,5,1,0
33,43311,610,2,1,1
36,60531,658,0,1,0
56,54588,770,3,1,0
62,89416,655,3,0,1
48,62380,639,3,1,0
31,72645,678,2,1,0
65,188890,743,2,0,0
35,60857,815,1,1,0
37,51711,625,3,1,0
46,55097,631,1,1,0
60,156348,677,3,1,0
52,78393,718,0,1,1
46,72076,638,3,1,0
47,134274,755,0,1,0
42,107609,626,2,1,0
48,79317,547,3,1,0
25,59229,742,1,1,0
38,88480,751,0,1,0
44,57044,783,3,0,0
28,25497,540,3,1,1
46,105486,646,2,1,1
39,85162,679,3,1,0
63,69882,840,2,1,0
60,94078,687,1,1,0
36,88734,592,3,1,0
40,157608,723,4,1,1
41,158730,804,0,1,0
36,73826,787,0,1,1
44,137985,744,2,0,0
32,74028,721,4,1,0
28,71331,518,1,1,0
49,148938,702,4,1,0
49,82543,714,2,1,0
32,59362,687,2,1,0
52,77315,756,2,1,0
34,57746,685,3,0,0
45,60057,670,1,1,0
51,92915,783,2,0,1
41,71061,666,5,1,1
47,101370,705,1,1,0
35,64157,771,1,1,0
39,41322,619,1,0,1
39,99812,610,2,1,1
33,107842,808,1,1,0
39,64017,652,2,1,1
25,76792,755,4,1,1
36,57742,557,1,1,0
38,94808,499,1,1,0
38,47629,729,2,1,0
39,38245,689,2,1,0
41,146950,729,3,1,0
47,93870,849,2,1,1
52,145634,601,1,1,0
34,94829,703,2,1,0
27,68994,818,2,1,0
29,30588,612,1,1,1
36,30442,653,4,1,0
37,107339,558,3,1,0
32,70721,879,3,1,0
26,57145,523,2,1,0
36,40599,763,0,1,0
44,122594,594,2,1,0
49,132742,615,4,1,0
35,107430,785,1,1,0
37,32939,640,2,1,0
30,52149,752,0,1,0
41,116567,810,2,1,0
31,40208,716,4,1,1
48,116098,771,2,1,0
25,63498,706,2,1,0
37,79492,710,1,1,0
45,70951,649,2,1,1
44,98920,854,3,1,0
70,86766,759,4,1,1
46,107014,741,5,1,0
29,48351,761,1,1,0
40,134216,645,0,1,0
25,69386,774,0,1,0
41,137122,824,1,1,0
32,39308,589,0,1,0
52,109252,743,3,1,0
35,105145,705,2,1,0
40,145031,658,1,1,0
34,113211,612,1,1,0
62,199136,784,1,1,0
38,83879,716,0,1,0
63,166534,683,1,0,0
51,58720,743,3,1,1
47,92940,689,3,1,0
46,129993,643,1,1,0
46,118475,710,4,1,0
25,67113,697,3,1,0
38,78926,558,0,1,0
52,88203,649,2,1,0
41,138901,598,3,0,1
25,25392,567,4,1,0
41,75905,737,2,1,1
62,90385,646,3,0,0
56,70653,783,0,1,0
41,141865,553,2,1,0
53,134720,676,1,0,1
37,44799,650,3,0,0
25,71927,573,1,0,0
30,45052,700,4,1,0
60,177116,580,1,1,0
38,49871,717,3,1,1
39,119303,757,5,1,0
38,50234,721,1,1,0
64,61381,731,1,1,0
61,188346,782,0,1,0
68,123108,697,0,1,0
40,153948,633,0,1,1
45,99892,651,2,1,0
25,70521,653,1,1,0
59,131501,616,1,1,0
27,38384,762,1,1,0
44,133391,742,1,0,0
28,37920,566,5,1,1
34,46702,633,2,1,0
31,31894,612,3,0,1
34,60985,725,3,1,0
35,58287,786,3,1,1
35,103527,735,4,1,0
52,65439,643,1,1,0
28,49084,674,4,1,1
44,92235,588,2,1,0
56,198731,594,2,1,0
35,54976,767,3,1,0
33,112643,815,0,1,0
39,97865,642,0,1,0
56,147631,703,4,1,0
44,118306,757,2,1,0
35,86697,566,5,1,1
47,120382,616,1,1,0
28,36651,859,0,1,0
50,99044,623,3,0,0
46,64633,671,2,1,0
38,109164,651,5,0,1
31,30569,540,5,1,1
31,89900,706,2,1,1
48,117509,697,1,1,1
56,163425,714,3,1,1
34,63038,693,3,1,0
47,99088,663,4,1,0
25,27641,658,2,1,1
34,104466,659,1,1,0
41,122216,620,4,1,0
31,96793,633,4,0,1
30,103786,622,2,1,0
33,68138,745,2,1,0
45,113310,724,5,1,0
39,58757,702,4,1,0
25,24858,855,3,1,0
25,61349,625,1,1,1
34,109027,789,5,1,0
47,140830,679,2,0,1
25,76151,712,0,1,0
36,79272,753,2,1,0
35,36908,661,3,0,0
58,181916,615,4,1,0
37,81455,628,3,1,0
46,153165,531,1,1,0
43,118447,748,0,1,0
25,28991,746,1,1,0
51,127108,826,2,1,0
44,93066,733,1,0,1
48,145229,752,1,1,0
70,78333,693,2,1,0
25,75683,737,2,1,0
62,123029,787,3,1,1
38,69697,714,3,1,0
45,67634,658,5,0,1
41,74561,682,1,1,0
36,48033,760,0,1,0
35,102887,660,0,1,0
45,105063,771,2,1,0
25,45921,852,3,1,0
51,69340,772,4,1,0
37,92781,759,3,1,0
28,34901,727,3,1,0
36,40638,637,3,1,1
57,84324,630,3,1,0
35,118356,629,1,1,0
46,140596,744,4,1,0
33,62642,668,1,1,0
51,75378,697,0,1,0
50,100867,733,5,1,1
64,113686,632,1,1,1
39,72875,659,4,1,0
50,139595,725,3,1,0
43,150061,676,5,1,0
57,104377,684,3,1,1
33,84691,617,5,1,1
50,159503,685,4,1,0
39,94303,832,3,0,1
41,110839,664,1,1,0
43,99063,608,1,1,0
45,141782,776,4,1,0
40,128343,741,2,1,0
44,133071,717,2,1,0
60,176564,594,3,1,0
53,81357,605,2,0,1
52,121838,577,1,1,0
36,62314,734,2,1,0
31,78697,781,3,1,0
53,120283,737,3,1,0
52,109567,855,2,1,0
59,87006,664,1,1,0
34,90011,674,2,1,0
39,40686,708,3,1,0
25,57449,681,3,0,1
37,91606,739,3,1,0
53,68891,648,4,1,0
36,82115,588,2,1,0
49,151732,556,3,1,0
39,90719,738,0,1,0
45,145464,657,2,1,0
28,27494,606,2,0,0
43,86723,650,3,1,0
25,49877,856,1,1,0
39,44026,611,1,1,0
25,40422,758,1,1,0
56,180316,733,4,1,0
51,83481,807,2,1,0
47,139180,690,2,1,0
60,149384,575,3,0,0
30,88031,779,0,1,0
62,179593,680,3,1,1
53,51746,801,2,1,0
39,113127,765,1,1,0
55,132254,779,3,1,0
28,69936,889,2,1,0
32,98232,722,2,1,0
34,42012,815,1,0,1
35,110224,667,1,1,0
29,43457,743,1,1,0
56,69960,659,2,0,1
38,117695,738,1,1,0
46,57910,729,4,1,0
35,32693,535,3,1,0
25,69777,651,0,1,1
45,65858,718,3,1,1
25,48810,519,1,0,1
41,70092,692,2,1,1
25,43243,780,1,1,0
65,98105,804,4,1,0
52,80505,637,0,1,0
43,123228,809,2,1,0
57,68555,796,1,1,0
31,101934,528,1,1,0
48,122788,709,1,1,0
44,127257,718,0,1,0
45,67939,821,3,1,0
57,182897,722,1,1,1
50,140787,811,2,1,0
45,152491,637,2,1,1
25,44151,572,2,0,0
30,30036,648,1,1,0
40,143948,826,1,1,0
43,133707,774,3,1,0
28,59051,885,2,1,0
70,120738,584,4,1,1
60,113596,783,3,1,0
49,110071,760,0,0,0
42,123601,677,1,1,1
39,59873,762,3,1,0
30,66648,711,2,1,0
42,121468,736,1,1,0
45,76470,754,5,1,0
27,28328,778,1,0,0
46,56333,706,4,1,0
40,96638,842,3,1,0
25,31268,682,3,1,0
31,100603,850,2,1,0
37,47045,609,4,1,0
64,47887,621,5,1,1
48,148718,625,0,0,0
25,52370,776,1,1,0
47,155154,635,1,0,1
25,44918,819,3,1,0
54,85497,657,1,0,0
36,91009,731,3,0,1
40,61929,751,1,1,0
57,142201,618,3,1,1
26,54937,588,3,0,0
25,33563,722,2,1,0
34,58546,677,1,1,1
54,128424,739,0,1,1
25,57338,592,1,1,0
25,79961,671,1,1,0
36,64283,685,5,1,1
48,132494,505,2,1,1
56,86566,779,1,1,0
36,115464,639,2,1,0
37,111991,819,4,0,0
55,132680,644,4,1,0
25,48013,658,0,1,0
37,82132,600,0,1,0
44,137412,791,2,1,0
47,142498,736,2,0,0
35,58084,812,2,1,0
42,157855,683,0,1,0
25,41143,696,2,1,0
34,44179,565,2,0,1
47,148343,650,2,1,0
30,88726,713,1,1,0
42,60222,730,1,1,0
47,109965,845,3,1,0
37,94068,551,1,1,0
44,73949,718,3,1,0
30,46116,669,2,1,0
39,81052,706,3,1,0
49,101369,708,1,1,0
43,98817,684,1,1,0
34,113203,609,2,1,0
44,124311,594,1,1,0
50,79655,678,1,1,0
25,77802,586,3,0,0
55,87632,690,2,1,0
37,44193,679,2,1,0
47,130212,503,1,1,0
56,58895,854,5,0,1
25,20246,706,1,1,1
33,51209,505,1,1,1
38,112336,719,5,1,0
32,91807,683,0,1,0
62,63086,594,5,1,0
31,115637,724,0,1,0
35,112027,624,1,1,0
44,77207,715,3,1,1
27,61798,643,1,1,0
37,50897,627,2,1,0
45,113083,698,3,1,0
38,96957,570,1,0,0
40,147551,693,2,1,0
35,108506,752,1,1,0
25,27283,801,4,1,0
45,144024,787,4,1,0
63,121481,808,2,1,0
42,50255,663,1,1,0
44,126555,618,2,0,1
50,65487,765,1,1,0
26,61797,658,2,1,1
62,59346,700,0,1,0
44,85050,759,5,1,1
61,48744,861,0,1,0
33,54756,742,5,1,0
63,101596,716,1,1,0
51,133397,610,1,0,0
48,75146,793,2,1,1
44,105032,732,4,1,0
39,72687,672,0,0,1
56,193048,663,1,1,0
43,112863,667,1,1,0
25,76243,703,2,1,0
28,20591,583,2,1,0
39,36277,797,4,1,0
45,111860,782,0,1,0
41,52260,686,1,0,0
56,64741,667,3,1,0
25,74184,698,1,1,1
43,87211,711,2,1,0
25,63856,675,2,1,0
51,91542,779,1,1,0
40,56869,586,3,1,0
47,143618,643,1,1,1
31,117616,762,1,1,0
57,134515,725,1,1,0
54,69422,645,1,1,0
49,85613,732,4,1,1
40,107016,636,1,1,1
48,110110,675,3,1,0
33,118529,783,3,1,0
52,127922,774,1,1,0
61,74033,723,3,1,0
54,95213,615,1,1,1
33,91993,669,4,1,0
46,62938,707,1,1,0
26,31159,816,1,1,0
48,52274,557,1,1,1
47,134390,630,1,1,0
25,51815,790,4,1,0
28,30482,808,4,1,0
38,48961,694,2,1,0
38,50044,823,3,1,0
27,53836,641,0,1,1
46,71975,579,2,1,1
45,64706,763,1,1,0
39,35974,803,5,1,0
32,106464,802,1,1,0
54,71213,630,2,1,0
61,41950,715,0,1,0
36,115013,767,1,0,1
34,40411,724,1,1,0
47,137231,815,1,1,0
37,76156,667,3,1,0
40,112744,694,2,1,0
50,67771,718,3,1,0
25,24274,766,1,0,1
57,75053,684,0,1,0
42,102076,774,0,1,0
37,37045,828,1,1,0
40,107623,658,0,1,0
41,79714,686,0,1,0
25,54386,777,1,1,0
59,149283,854,4,1,0
42,58562,750,3,0,0
47,105048,637,4,0,0
53,143295,715,2,1,0
29,32026,776,3,1,0
47,156147,634,1,1,0
38,61589,613,1,0,0
52,158199,672,2,1,0
25,51738,752,2,1,0
40,76844,590,2,1,0
34,53447,644,4,0,0
47,140415,721,4,1,0
47,127502,787,4,0,1
33,113268,723,0,1,0
33,84708,729,2,1,0
40,113925,780,2,1,0
31,100825,827,3,1,0
52,101574,818,2,1,0
37,115548,536,3,1,0
25,38812,707,4,1,0
37,85309,773,2,1,0
29,61628,835,1,1,0
25,77843,751,1,1,0
27,60581,631,1,1,0
43,96628,641,2,1,1
57,65105,644,4,1,0
45,129830,724,3,1,0
34,99157,661,3,1,0
47,82442,456,3,1,1
36,117235,605,5,1,0
33,32347,664,1,1,1
28,49486,591,1,0,0
25,67650,602,3,1,0
37,47110,864,4,1,0
43,112170,699,2,1,0
40,54923,669,1,1,1
37,81801,753,5,1,0
30,92771,791,1,0,1
49,131147,879,3,0,0
26,68135,836,2,1,0
51,69199,734,1,1,0
29,29066,577,2,1,0
32,82136,619,2,1,0
25,46754,667,2,1,0
35,66575,740,0,0,0
53,139796,707,2,0,1
48,96733,582,1,1,0
53,66991,567,2,0,1
48,72553,720,2,1,0
28,44174,709,0,0,0
38,117493,683,1,0,0
32,30634,738,1,1,0
57,52771,799,1,1,0
27,70226,724,1,1,0
52,68298,624,1,1,0
52,129876,853,3,1,0
63,99648,685,2,1,1
37,92668,703,2,1,0
50,119374,647,2,1,1
69,115783,614,1,0,0
34,74440,620,1,1,0
25,51655,602,0,1,0
25,63039,459,4,1,1
50,105255,687,4,1,0
25,26683,788,1,1,0
37,84989,621,1,1,0
47,61244,900,2,1,0
44,144594,810,1,1,0
47,108595,698,1,1,0
44,89551,611,2,0,0
57,143898,572,2,0,0
30,58371,690,1,1,0
33,99358,705,2,1,0
32,58878,683,3,1,1
51,86157,785,3,1,0
52,55914,819,5,1,0
47,133700,737,1,1,0
56,67180,742,4,1,0
27,23688,674,2,1,0
62,120219,699,2,1,0
60,118616,732,0,0,0
50,146489,674,2,1,0
63,180988,752,3,1,0
25,76363,615,1,1,0
35,57360,641,0,0,1
33,67805,616,1,1,0
50,63453,646,0,1,0
29,42703,677,0,1,0
51,109021,782,0,1,0
58,114176,703,2,1,1
50,144799,597,2,1,0
45,148385,587,0,1,0
30,111614,666,0,1,0
31,118919,766,3,1,0
56,178482,812,3,1,0
51,131462,572,2,1,1
41,98268,729,1,1,1
36,64248,667,3,1,0
25,51159,674,3,0,1
29,62039,614,0,1,0
64,87800,682,3,1,0
26,60761,611,2,1,0
44,144626,678,3,1,1
54,136103,791,1,0,1
26,72832,750,1,1,0
44,93663,853,2,1,1
53,130903,742,4,1,0
42,90412,713,1,1,0
70,158998,744,0,1,0
25,64716,637,2,1,1
54,85367,533,2,1,1
39,35813,763,3,1,1
51,109894,556,4,1,0
47,152157,789,2,1,0
33,81444,760,1,1,0
44,84269,632,3,1,0
25,61190,665,2,1,0
49,90318,699,1,1,0
45,87018,626,3,1,0
49,89759,743,0,1,0
54,66498,750,3,1,0
46,75989,584,4,1,0
43,152710,634,4,1,0
31,55568,697,2,1,0
33,96577,791,5,1,1
56,145231,752,0,1,0
59,129900,513,4,1,1
39,70639,676,1,1,0
42,154679,737,1,1,0
31,53482,636,0,1,0
56,109212,629,1,1,1
49,105261,640,1,1,0
65,70048,675,3,1,0
31,33065,621,3,1,0
37,32036,752,3,1,0
44,85814,631,0,1,0
49,109694,617,2,1,0
39,46924,668,0,1,0
31,90204,818,2,1,0
52,82844,742,1,0,1
50,131943,747,1,1,0
31,51518,722,2,1,0
58,188131,624,3,1,0
56,63052,648,3,1,0
43,119803,635,3,0,1
42,121524,787,2,1,0
48,143510,723,4,1,0
31,119572,566,3,0,0
42,58680,816,4,1,0
25,21485,673,3,1,0
52,130249,752,4,1,0
25,40043,784,3,0,0
60,42419,495,2,0,1
38,86892,736,2,1,0
39,47140,679,2,1,0
34,73484,506,4,1,1
38,93869,609,0,1,0
59,97600,663,3,1,0
25,70931,767,3,1,0
57,118497,685,1,1,0
46,158611,711,5,1,1
27,26487,671,1,1,0
29,51110,787,1,1,1
62,56360,741,3,0,1
30,79410,713,3,1,0
28,56843,608,5,1,1
55,123038,709,2,1,0
46,123167,900,3,1,0
30,33017,763,2,1,0
44,136261,640,3,1,1
29,70810,848,3,1,0
55,106320,637,4,1,0
54,143556,757,2,1,0
48,153995,696,2,1,0
46,131301,714,5,1,0
63,71127,717,3,1,0
41,53196,680,1,1,0
27,29552,668,2,0,1
47,91300,594,1,1,0
67,71921,609,2,1,0
29,24746,726,3,1,0
37,98535,645,1,1,0
46,115350,627,0,1,1
41,100345,900,3,1,0
30,79220,899,2,1,0
55,121131,746,3,1,0
69,62063,757,0,1,0
44,121736,635,2,1,0
31,118913,605,0,1,0
25,33410,672,1,1,0
45,95971,700,2,1,0
55,174670,757,2,1,0
47,60564,553,2,1,0
41,146434,871,0,1,0
34,79725,719,3,1,0
28,40598,575,5,0,0
52,155940,712,1,1,0
52,109940,627,2,0,0
25,37862,622,3,1,0
61,50265,615,3,1,0
48,59705,679,2,1,1
58,102471,868,1,1,0
25,45544,707,3,1,0
25,34298,755,1,1,0
40,112979,775,4,1,0
48,105828,688,0,1,0
63,156884,607,1,1,0
50,158007,572,0,1,0
39,76104,669,2,1,0
29,60934,791,2,0,1
56,154420,774,5,1,0
30,36050,720,2,1,0
61,48484,731,4,1,0
38,92648,689,3,1,0
61,99945,661,0,1,0
50,103678,640,3,1,0
40,81323,582,1,1,0
35,116332,843,0,1,0
37,117363,713,2,1,0
47,85361,664,2,1,0
42,60315,845,5,1,0
34,77968,860,1,0,0
40,76519,900,1,1,0
42,59107,680,4,1,0
25,76004,708,4,0,1
47,105781,752,1,1,0
30,33869,832,1,1,0
28,35447,704,1,1,1
25,47370,621,1,0,1
25,27971,639,2,1,0
25,51269,794,3,1,0
33,55651,749,4,0,0
65,96974,686,2,1,0
35,53446,680,0,1,0
44,88108,686,0,1,0
46,125179,799,1,1,0
43,53823,636,2,1,1
41,63454,602,1,1,0
27,23932,845,2,1,1
59,181292,702,3,1,0
63,107965,693,1,1,0
25,48208,753,2,1,0
29,27444,620,3,1,1
38,40510,760,0,0,1
30,74045,669,2,1,0
48,60537,790,2,1,0
33,102683,577,2,1,0
67,145935,736,1,1,0
56,109134,681,2,1,0
44,152633,643,3,0,0
54,122254,761,4,1,0
55,184854,688,5,0,1
35,95587,737,2,1,0
32,112238,801,3,0,0
42,125720,763,0,1,0
52,128004,613,2,1,0
43,72072,656,4,1,1
25,35479,736,1,1,0
32,118938,763,1,1,0
41,122746,668,1,1,0
41,95702,715,1,1,0
65,142260,715,5,0,1
25,26057,726,1,1,0
48,80916,605,2,1,0
59,67268,586,1,1,0
69,63259,519,2,1,0
37,83583,708,4,1,1
47,129400,590,1,1,1
48,84293,870,1,1,0
44,57043,752,2,1,0
40,100430,605,1,1,0
47,157009,790,5,1,0
25,58893,790,1,1,0
50,90642,797,0,0,0
43,128065,635,5,1,1
39,60868,757,5,1,0
66,66309,798,1,0,1
33,53284,825,1,1,0
37,99000,578,2,1,0
65,124179,682,4,1,0
32,92107,632,2,1,1
35,95049,849,0,0,1
40,79265,739,3,1,0
52,131490,771,1,1,0
44,73880,738,1,0,1
26,39043,730,4,1,1
35,30255,630,3,1,0
34,31502,664,1,0,1
41,120192,705,4,1,0
47,115424,648,2,1,0
47,125838,633,2,1,0
25,25430,683,3,0,1
54,91366,651,0,1,0
45,77425,703,2,1,0
58,107396,664,1,1,0
47,121694,645,1,1,0
55,176878,625,0,1,0
47,136274,700,0,0,1
58,57106,771,5,1,0
48,106731,752,2,0,0
40,125010,577,3,1,0
69,72599,768,3,1,0
52,121326,751,4,1,0
48,125706,770,3,0,1
26,29004,786,3,0,1
26,62746,641,1,0,1
45,101364,676,3,1,0
43,75792,843,1,1,0
34,94912,838,0,1,0
43,104645,693,1,1,0
61,47232,748,1,1,0
50,128210,755,1,1,0
28,74766,840,2,1,0
40,131588,727,2,1,0
32,78542,603,3,1,0
37,35913,661,1,1,0
37,40567,900,1,1,0
36,68379,599,2,1,0
26,29432,704,1,1,0
40,50319,885,3,1,0
35,116120,636,3,1,0
25,24791,481,2,1,1
66,171401,496,4,1,1
55,101032,636,1,1,0
37,74078,558,1,1,0
42,138662,782,1,1,0
27,41300,721,5,1,0
62,115700,529,0,1,0
64,95609,572,5,1,0
43,110562,799,2,1,0
54,140045,715,4,1,0
44,111901,814,4,1,0
25,25703,789,3,1,0
37,93115,607,1,1,1
43,158953,770,2,1,0
36,118090,745,1,1,0
39,57676,543,2,1,1
40,111710,591,0,1,0
41,110077,895,2,0,0
42,139340,625,2,0,0
29,65440,732,1,1,0
33,66923,684,0,1,1
26,49802,714,1,1,0
53,140331,690,0,1,0
25,79250,777,2,0,0
55,105169,775,3,0,0
58,108147,709,2,1,0
38,52075,627,0,1,0
25,71745,654,1,1,0
37,112015,573,2,1,0
41,124716,673,4,1,0
29,29304,558,4,1,0
35,89622,717,1,1,0
60,94215,723,1,1,1
49,130146,780,1,1,0
30,103973,602,1,1,1
25,63118,607,4,1,1
38,42521,821,3,1,0
39,54028,590,1,0,1
47,89328,864,2,1,0
35,57301,626,4,0,1
48,88015,626,1,1,0
65,76845,767,2,1,0
51,136818,743,3,1,0
41,126394,831,0,1,0
39,74159,548,3,0,1
37,73714,742,1,1,0
56,120722,696,2,1,0
34,55230,613,1,1,0
42,142554,850,2,1,0
42,99262,718,1,1,0
35,71722,694,1,1,0
25,66359,736,1,1,0
45,112796,561,1,1,0
41,90159,600,1,1,0
48,159668,673,2,1,0
35,117052,725,1,1,0
56,140808,801,2,1,1
31,35239,629,0,0,1
62,131951,610,3,1,1
25,70886,740,4,1,1
47,153424,689,2,1,0
47,77195,546,1,1,0
32,64674,626,2,1,0
47,68105,685,5,0,1
57,54497,687,3,1,0
25,21816,707,2,1,0
48,142019,595,0,1,0
25,79254,689,2,1,0
30,117695,775,1,1,0
61,109385,468,1,1,0
35,117148,677,3,1,0
27,59617,567,1,1,0
39,63826,697,4,0,0
66,150034,579,3,1,1
25,38706,710,4,1,0
29,77530,830,3,1,1
59,90100,621,0,1,0
64,165170,633,2,1,0
40,54359,662,5,1,1
27,50669,725,2,0,1
67,52809,618,3,0,0
61,104450,669,1,1,1
50,88428,646,1,1,1
32,102790,662,0,1,0
41,140321,726,2,1,0
40,52093,744,2,1,0
45,94498,581,2,1,0
59,156251,726,2,1,0
52,90985,900,4,1,0
29,52009,823,2,1,0
58,168515,648,2,1,1
45,67718,710,2,1,0
50,66705,697,1,1,1
59,127618,736,1,0,0
28,32342,666,3,1,0
41,62239,678,1,0,1
35,76622,641,1,1,1
25,66665,787,0,0,0
46,82274,724,1,1,0
70,182491,725,4,1,0
25,62832,797,3,1,1
41,65003,798,2,1,0
49,80866,783,2,0,0
43,71988,796,0,1,0
40,105894,825,1,1,0
26,63027,622,0,1,0
44,140444,676,2,1,0
32,35674,756,4,1,0
25,25002,629,5,1,0
56,133103,670,3,1,1
53,116446,715,1,0,0
42,79072,681,3,0,0
44,83717,705,3,1,0
54,137345,608,2,1,0
44,76651,696,2,1,0
52,94291,710,0,1,0
38,93350,829,2,1,0
57,44646,678,2,1,0
45,89713,647,2,1,0
44,117936,757,2,1,0
26,64331,446,0,1,0
45,72185,674,4,0,1
32,114263,658,1,1,0
34,82107,720,3,1,1
32,96554,799,1,1,0
29,37563,824,2,1,1
67,110729,719,3,0,0
57,55701,575,0,1,0
65,168331,658,4,0,0
27,49410,667,5,0,0
42,149280,729,3,1,0
26,78715,704,2,1,0
33,68665,644,3,1,1
30,45957,599,1,1,0
56,86008,630,4,1,0
37,91920,627,1,0,1
54,82875,829,1,1,0
49,51626,638,3,1,1
69,130815,704,2,1,0
25,26229,777,3,1,0
57,78311,715,3,1,1
55,72356,613,5,1,1
30,33809,778,4,1,0
54,93371,728,2,1,0
46,84875,525,2,1,0
39,39465,799,0,1,0
32,96095,769,3,1,1
33,103844,727,0,1,0
66,126889,830,3,0,1
42,65250,768,1,0,1
51,96023,790,3,1,0
32,76624,782,2,1,0
32,46427,760,1,1,0
54,83276,556,3,1,1
25,26107,566,2,1,0
37,109012,768,2,1,0
42,53439,798,3,1,0
43,135848,643,1,1,0
39,117331,610,3,0,1
46,128672,721,3,0,0
50,129703,583,2,0,0
50,67300,686,2,0,1
30,90289,671,2,1,0
38,47182,682,2,1,1
56,197981,850,1,1,0
52,69659,649,1,1,0
25,51403,704,3,1,0
46,83586,595,5,0,1
25,30360,775,5,1,0
42,71424,685,1,1,0
64,138035,794,0,1,0
30,78791,503,2,1,1
31,33065,695,4,1,0
51,118795,710,0,1,0
25,70058,772,4,1,0
34,42300,648,0,1,0
49,83370,762,2,1,0
34,99831,657,1,0,1
39,57209,707,3,1,0
50,158287,773,1,0,0
47,151831,625,2,0,0
45,70927,759,1,1,0
37,64579,726,1,0,0
46,59032,673,2,0,0
40,143254,646,3,1,0
47,128413,531,5,1,0
36,70731,693,1,0,0
39,83767,673,3,1,0
30,102302,751,2,0,1
41,99954,743,3,1,0
32,118365,785,1,1,0
28,40221,788,5,1,0
45,75102,900,3,1,0
44,84433,741,3,0,1
51,65932,631,0,1,1
36,55714,766,3,1,1
46,107803,828,1,1,0
48,89743,737,3,1,1
47,52552,530,2,1,0
32,86627,744,4,1,0
43,95987,649,4,1,0
46,129810,594,3,1,0
42,95380,714,4,1,0
25,49250,577,0,1,0
43,118344,781,1,1,0
68,104686,758,3,1,0
37,75028,693,2,1,0
33,45295,655,3,1,0
46,105248,685,4,1,0
45,130205,619,3,1,0
56,50523,693,5,1,0
26,65530,472,0,1,0
50,63769,707,0,1,0
49,113042,709,3,1,0
40,94645,767,2,1,0
46,140743,723,3,1,0
54,112142,778,3,0,1
52,150760,743,1,1,0
28,45557,782,1,1,1
51,153727,900,1,0,1
41,129782,733,4,1,0
42,128382,714,1,1,0
42,87085,794,5,1,0
40,100708,662,4,1,0
56,150939,690,1,1,0
40,63470,733,2,1,0
28,33176,705,1,1,0
37,109082,705,1,0,1
44,56805,771,5,1,1
56,168256,564,1,1,0
49,144884,862,1,1,0
31,92028,738,0,0,0
70,141422,667,4,0,0
45,139300,830,2,1,0
57,46630,708,0,1,0
40,148869,710,2,1,0
48,65701,682,5,1,0
52,64859,817,3,1,0
56,192255,699,1,0,0
54,90438,655,1,1,0
52,147285,779,1,1,0
38,72244,794,1,1,0
35,104312,828,3,1,0
45,65021,750,4,1,0
53,119863,791,0,1,0
39,85565,679,2,1,0
54,98043,782,3,1,0
59,104361,759,0,1,0
31,31245,742,4,1,0
31,71011,575,0,1,0
40,60355,668,4,1,0
45,148841,696,2,1,0
35,78692,742,5,1,0
58,57198,892,1,1,0
47,116951,768,1,1,0
42,159334,635,3,1,0
25,21652,661,3,1,0
26,63625,811,0,1,0
45,135982,658,1,1,0
25,38740,781,2,1,0
54,53810,709,2,1,0
40,66569,686,3,1,0
70,139855,659,0,1,0
69,66783,456,1,1,1
39,108047,743,1,0,0
40,59471,615,1,1,0
53,56163,586,2,1,0
62,102071,719,2,1,0
25,36065,782,0,1,0
25,76787,564,3,1,0
34,113456,780,2,1,0
48,154505,627,1,1,0
47,98348,751,2,1,0
54,69154,746,1,1,0
27,79307,683,2,1,0
25,60167,702,0,1,0
52,70229,668,1,1,0
32,82587,721,2,1,1
25,73862,720,0,1,0
43,99713,626,2,1,0
51,76997,591,1,0,0
40,71101,780,3,1,0
36,70391,716,1,1,0
40,125863,769,2,1,0
37,102723,646,2,1,0
25,49685,634,0,1,0
33,89405,619,2,1,0
48,84948,685,3,1,0
45,150264,718,2,1,0
44,103031,656,2,0,1
30,67921,825,5,1,0
39,102571,648,1,1,1
25,31471,719,3,1,1
44,78460,629,2,1,0
59,192143,646,2,1,0
25,20582,693,4,0,1
34,78282,633,4,1,0
45,141725,707,2,1,0
57,98445,735,3,1,0
36,111067,787,3,1,0
33,112208,613,3,1,0
25,74816,713,2,1,0
43,156283,695,0,1,0
66,125779,552,1,1,0
45,53060,609,1,1,0
41,63731,737,0,1,0
45,127830,591,5,1,0
41,70719,694,2,1,0
32,77042,530,5,1,0
51,99116,691,0,1,0
44,76325,535,0,1,0
42,72597,651,0,1,0
30,97439,664,1,1,0
57,54551,709,0,1,0
49,143287,679,1,1,0
35,54278,601,1,1,0
54,141189,602,1,1,0
36,45141,570,3,1,0
32,97913,716,3,1,0
32,63615,712,1,1,0
25,76522,753,3,1,0
47,112751,659,3,0,0
25,67148,561,1,1,1
27,47452,674,2,1,0
25,42725,700,5,1,0
40,100391,606,1,1,0
40,125060,614,1,0,1
38,41698,736,5,1,0
29,63339,708,4,0,0
27,41175,790,1,1,0
47,127850,837,4,1,0
35,32365,579,1,1,0
45,147553,666,2,1,0
31,73372,709,4,1,0
44,94134,729,4,1,1
57,77823,781,0,1,0
49,121158,758,4,1,0
37,31949,791,5,1,0
45,99396,704,0,1,0
39,61912,649,1,1,1
42,106947,855,0,1,0
38,74387,712,5,1,0
40,113965,680,1,0,0
44,66508,614,1,1,0
30,75592,712,1,1,0
29,63713,780,5,1,0
25,21919,659,3,1,1
25,62595,689,0,1,0
27,29617,719,1,1,1
43,125268,737,5,0,1
31,63298,679,5,1,0
48,156153,668,3,1,0
42,56929,659,2,1,0
25,57117,611,2,1,0
49,64456,638,0,1,0
51,159599,636,4,0,0
30,116676,576,0,0,0
47,133721,779,0,1,0
31,67924,728,4,1,0
43,74240,711,2,0,1
26,41845,804,5,1,0
25,29228,757,1,1,0
37,51686,636,2,1,0
40,61920,793,2,1,0
37,37432,777,5,1,0
27,64971,610,2,1,1
37,101725,772,5,1,0
45,143575,662,1,1,0
41,83910,779,2,1,0
44,80226,672,1,1,1
33,103150,657,1,1,0
56,99099,665,2,1,0
27,67021,622,1,1,0
47,136760,581,0,1,0
56,58013,500,3,0,1
47,71446,615,3,1,0
39,100375,900,1,1,0
35,92509,738,1,1,0
54,152261,849,4,1,0
25,50203,674,1,1,1
30,30557,662,4,1,1
37,60666,837,2,1,1
56,170878,730,1,1,1
46,149143,623,2,0,1
30,54578,750,5,1,0
38,104779,800,1,1,0
34,39596,585,1,1,0
33,87500,737,2,1,0
53,122534,591,4,1,0
25,30129,795,0,1,1
61,51596,718,2,1,0
51,115355,750,4,0,1
55,52974,682,2,1,0
36,96673,557,2,1,1
40,143433,664,3,1,1
25,24666,774,3,1,1
35,104442,859,0,1,0
47,71818,722,2,1,0
57,95598,645,1,1,0
28,22654,742,2,0,1
37,63758,767,0,0,1
40,74204,710,5,0,1
25,54928,705,0,1,0
49,103609,717,2,1,0
33,60552,703,3,1,0
39,40336,723,5,1,0
36,77037,846,3,0,0
32,46206,537,2,1,1
41,84831,680,2,1,0
39,73563,625,2,1,0
37,48361,794,0,1,0
33,71335,688,5,1,0
45,124469,744,1,1,0
61,65816,814,2,1,0
43,65619,613,3,1,0
53,153223,657,1,1,0
25,46943,805,3,1,0
43,76819,610,0,0,1
28,31741,660,2,1,1
25,77761,571,2,1,0
33,38798,809,3,1,0
56,196215,653,1,1,0
53,99695,728,2,1,0
44,82747,754,2,1,0
25,67334,635,0,0,1
39,51182,547,0,0,1
45,59415,682,1,1,0
44,61085,681,4,1,0
25,35008,695,3,1,1
31,117638,695,3,1,0
41,68452,660,0,1,0
48,114075,656,1,0,1
25,28120,723,2,1,0
40,114385,634,3,1,0
43,123356,692,2,1,0
52,68170,654,1,1,0
50,66259,723,2,1,1
48,72099,788,3,1,0
32,39649,791,0,1,1
25,50255,803,1,1,0
37,89258,673,3,1,0
54,91037,679,1,1,0
58,51805,598,1,0,0
50,93147,672,2,1,0
47,124280,675,2,1,0
46,96053,650,3,1,0
35,106215,650,5,1,1
40,145365,564,1,1,0
62,50985,592,5,1,1
30,42391,703,2,1,0
61,44861,706,2,1,1
38,93582,738,1,0,0
57,74364,679,3,1,1
25,36863,700,0,1,1
49,147035,800,4,1,0
33,72923,695,4,0,0
25,27919,649,2,1,0
44,105896,604,1,1,0
54,158638,763,0,1,0
31,115818,563,1,1,0
25,67396,632,0,1,0
40,84840,733,1,1,0
40,92255,547,2,1,0
48,121160,650,5,1,1
53,149242,710,3,1,0
41,58176,669,1,1,0
64,73529,621,5,0,1
44,106406,652,2,1,0
37,42941,765,2,1,0
25,21669,846,1,1,0
38,115782,711,1,0,0
37,74859,540,1,1,0
53,105786,745,5,1,0
47,101083,668,0,1,0
27,60076,612,1,1,0
44,70323,635,3,1,0
50,149430,639,2,1,0
60,46021,587,3,1,0
52,154741,694,4,0,1
51,89807,846,1,1,0
42,100355,612,1,1,0
46,152439,843,1,1,0
56,153415,716,5,1,0
26,64732,692,0,1,0
37,38711,674,1,1,0
32,93079,635,0,1,0
46,57904,723,3,1,0
56,104033,741,1,0,1
34,116478,505,0,1,1
25,74499,900,3,1,0
37,119787,555,5,1,0
52,105096,658,1,1,1
48,140594,495,3,1,0
47,150781,678,4,1,1
38,33093,663,0,1,0
26,44918,659,1,0,1
48,122743,724,1,1,0
31,92636,680,1,1,0
68,180466,743,1,1,0
48,142510,601,0,0,0
35,43280,706,4,0,1
34,66303,649,5,1,0
40,77453,670,1,1,0
39,90695,721,1,1,1
55,196837,659,3,1,0
44,52340,691,5,0,1
33,68057,607,0,1,0
64,171669,787,2,1,0
42,107988,758,0,1,0
51,144655,707,1,1,0
34,45025,680,0,1,1
46,57145,691,1,1,0
45,151206,785,0,1,0
25,75797,752,3,1,0
66,81723,787,2,1,0
57,113230,672,0,1,0
37,34830,738,5,1,0
28,43930,795,3,1,1
46,73752,625,2,1,0
43,158138,620,3,1,0
46,126025,722,1,1,0
44,148228,601,3,1,1
48,131304,554,5,1,0
59,102040,793,0,1,0
48,158668,807,0,1,0
29,22160,605,2,1,1
58,95030,585,2,0,1
61,96815,647,5,1,1
70,152789,800,3,0,0
28,55690,667,2,1,1
44,138406,707,3,1,0
25,44496,725,5,1,1
48,107923,713,1,1,0
35,66572,819,2,1,0
65,107904,642,1,1,0
32,59203,691,5,1,0
25,31552,718,3,0,0
36,35608,696,1,1,0
25,75787,602,1,1,0
51,95667,582,3,1,1
25,75547,580,1,1,1
42,72485,758,3,1,0
25,62060,634,1,1,1
38,39862,737,5,1,1
61,168391,706,1,0,1
46,153835,622,3,1,0
31,105948,624,4,0,0
41,136890,710,3,0,1
42,121880,706,2,1,1
47,107560,739,4,1,0
25,69527,663,2,1,0
49,156191,632,1,1,0
25,37993,708,2,1,0
34,58415,813,1,1,0
36,94523,549,2,1,0
49,69323,636,1,1,0
42,103214,747,0,0,0
25,37997,717,3,1,1
30,87003,748,1,1,0
44,53679,665,3,1,0
41,145025,571,4,1,0
35,70308,833,4,1,1
36,105024,786,2,0,0
50,89842,698,2,1,0
35,95408,632,1,0,1
40,119532,660,0,1,0
68,45695,718,3,1,0
25,50204,679,0,1,0
25,78499,698,2,1,0
51,73382,828,4,1,0
33,44235,773,2,0,1
38,92223,606,3,1,0
32,32366,706,2,1,0
38,57467,658,4,1,1
61,152468,723,1,1,0
51,56764,694,2,1,0
52,140896,900,1,0,0
25,68295,734,0,1,0
28,51923,689,1,1,0
25,78425,847,2,1,0
32,46292,716,4,1,0
53,51614,578,1,1,0
48,70939,690,3,1,0
39,48800,749,0,1,1
41,106440,738,5,1,0
33,53246,780,1,1,1
44,102805,712,5,1,0
51,99648,706,1,1,0
25,69656,587,2,1,1
45,106851,822,0,1,0
53,81688,675,2,1,0
37,59764,621,1,1,0
50,82470,900,3,1,0
70,97207,834,3,1,0
40,112157,664,0,1,0
46,53216,549,5,1,1
33,52072,642,2,1,0
44,143778,826,3,1,0
47,87132,714,2,1,0
44,67861,592,0,1,0
29,66597,762,1,1,0
44,54960,683,5,0,1
59,58781,648,0,1,0
47,156605,654,1,1,0
53,81126,804,5,1,0
39,52578,743,0,1,0
50,156034,581,3,1,0
45,67883,729,3,1,1
30,59782,708,0,1,1
45,106387,666,1,0,0
30,46979,670,0,1,0
34,63746,630,2,1,1
44,116266,646,1,1,1
45,50056,723,3,1,0
27,51457,677,0,0,1
54,52243,743,2,1,0
48,105031,637,2,1,1
33,31701,756,1,1,0
25,76381,805,4,1,0
40,100438,699,1,1,0
36,103839,741,4,1,0
43,130636,744,2,1,0
37,96483,659,4,1,0
25,40505,745,1,1,0
37,36553,518,3,1,0
38,63525,486,2,1,1
49,130402,673,2,1,0
33,74348,750,0,1,0
62,47273,693,0,1,1
25,30033,759,3,1,1
57,174607,603,1,0,0
39,48677,770,4,1,1
52,133024,830,4,1,0
42,157157,644,5,1,0
55,40908,761,1,0,0
37,100153,701,2,1,0
28,62816,735,3,0,1
59,135967,830,1,0,1
40,138989,726,0,1,0
44,85079,761,5,1,0
56,151889,598,3,1,0
29,66785,758,4,1,0
49,99323,828,2,1,0
34,75320,626,3,0,0
40,142098,674,0,1,0
42,139909,754,2,0,1
25,66105,735,4,1,0
32,60164,591,3,1,0
58,172957,713,2,1,0
52,107819,673,2,1,0
41,51049,622,1,0,0
44,103281,808,0,1,0
38,73271,700,2,1,0
58,106697,778,3,1,0
39,96351,606,1,1,1
44,86534,747,1,1,0
55,133034,784,2,1,0
32,88097,680,1,1,0
60,65037,660,0,1,0
25,56007,595,1,1,1
61,67278,630,3,0,0
37,38272,663,2,1,1
39,87183,621,0,1,0
25,53637,638,1,1,1
36,68294,712,5,1,1
29,27741,722,0,1,1
34,92509,787,0,0,0
40,54694,639,0,0,1
53,145842,701,0,1,0
44,108150,666,5,1,0
45,117470,660,3,1,0
28,41556,674,3,0,1
31,94471,684,2,1,0
63,89086,720,3,1,0
33,48907,673,2,0,1
61,191365,798,0,0,0
39,75761,563,0,1,0
42,149468,784,1,1,0
54,83387,670,3,1,0
57,108602,684,3,1,0
40,71256,699,1,1,0
37,35594,756,3,1,0
41,52460,629,2,1,0
46,122356,647,3,1,0
52,104698,740,2,1,0
42,151746,564,2,1,0
49,66191,697,2,1,0
61,124631,636,2,1,1
46,60529,619,2,1,0
45,82175,568,1,1,0
25,37675,761,1,1,0
25,63158,712,0,1,0
46,96798,646,2,1,0
40,120910,686,2,0,0
35,55976,612,1,1,1
44,113116,657,1,1,0
41,128678,684,0,1,0
55,102821,705,2,1,0
43,62204,731,1,1,0
33,85665,555,3,0,1
53,57394,731,1,1,0
39,94814,561,5,1,0
48,83593,734,3,1,0
36,71964,682,1,1,0
34,107188,787,3,1,0
43,149276,646,1,1,0
42,103365,762,4,0,0
47,159572,606,1,1,0
38,30443,708,1,1,0
25,43903,536,5,0,1
36,58180,770,1,1,0
51,98791,838,3,1,0
38,116655,644,0,0,1
39,105899,709,0,1,0
53,93665,735,1,1,0
33,33465,575,0,1,0
25,22711,640,2,1,0
40,101559,635,2,1,0
36,55198,892,2,1,0
30,84740,783,5,0,1
39,52488,682,2,1,0
47,88515,762,1,1,0
41,139144,716,3,1,1
45,77898,747,3,1,0
63,172991,615,2,1,0
37,80070,809,2,1,0
45,112613,638,1,0,1
35,116135,642,1,1,0
31,112501,747,2,0,1
34,77003,727,2,1,0
36,78478,701,3,0,0
46,64434,767,5,1,0
70,99030,607,2,1,0
33,83061,847,0,1,0
37,31999,659,3,1,0
41,64849,692,2,1,0
46,126439,848,1,1,0
45,102800,643,2,1,0
57,45445,781,4,0,0
25,55396,682,0,1,0
25,38040,632,0,1,1
36,94315,669,2,1,0
55,40246,745,4,0,1
25,51153,781,1,1,0
25,25212,718,4,1,0
48,53339,572,5,1,1
44,138678,750,4,1,0
28,76238,688,1,1,1
30,49394,611,2,1,1
30,83871,727,0,1,0
43,150672,790,1,1,0
34,107722,700,1,1,0
47,84607,773,1,1,0
25,72055,736,0,1,1
31,34395,738,4,1,0
28,35290,675,2,1,0
38,117687,765,1,1,0
35,95078,773,2,1,0
51,53691,763,2,1,0
25,27470,674,0,1,0
42,53841,778,2,1,0
48,152652,730,3,1,0
64,103197,622,1,1,0
36,85773,669,1,1,0
45,67776,657,3,1,0
25,26060,540,2,1,0
25,73407,780,3,0,0
52,77584,900,2,1,0
41,54300,796,3,1,0
56,43338,713,5,1,1
25,25487,658,3,1,1
48,86282,625,2,1,0
64,155447,712,1,0,1
47,145798,777,4,1,0
45,126816,646,0,1,1
42,158611,900,3,1,0
25,48804,589,2,0,1
58,180987,717,0,1,0
34,41158,705,4,1,0
48,124157,700,1,1,0
25,30547,654,2,1,0
27,43177,706,2,1,0
59,42459,664,3,1,1
37,58768,803,0,1,1
59,103146,829,3,1,1
41,153577,668,2,1,0
25,70870,568,0,1,0
52,157761,725,1,0,1
34,80460,722,5,1,0
50,132970,708,1,1,1
42,110817,742,3,1,0
25,58247,810,1,1,0
43,65419,766,3,1,0
68,75577,742,2,1,0
47,52921,760,2,1,0
41,54676,720,1,1,0
54,135961,624,2,1,1
44,150721,816,2,1,0
44,99684,708,2,1,0
28,33463,624,1,1,0
44,75474,609,1,1,0
54,90935,626,0,1,0
31,97005,601,2,1,0
59,112828,753,1,1,0
40,140945,685,2,1,1
31,119062,762,3,1,0
53,105152,793,4,1,0
38,119001,772,1,0,1
51,146491,750,2,1,0
38,116569,723,2,1,0
41,122467,684,2,1,0
47,102576,690,0,0,0
45,116627,746,0,1,0
25,45772,623,1,1,0
28,36363,695,2,1,0
53,78490,640,4,1,0
40,109004,793,4,1,1
35,83806,757,1,0,0
25,20260,870,2,1,0
29,30456,639,0,0,1
25,42320,647,5,1,0
40,128971,704,2,0,1
34,72145,641,2,1,0
30,93688,743,2,1,0
41,98581,695,4,0,1
46,142561,660,3,1,1
67,133645,787,3,1,0
25,40754,552,3,1,0
55,109837,743,2,1,0
53,57207,655,1,0,0
32,57920,765,0,1,0
44,137739,784,1,1,0
36,117081,517,3,1,0
44,74016,683,1,1,0
60,100522,704,0,1,0
49,124092,511,5,1,0
48,104068,718,1,0,0
36,50102,657,0,1,0
25,58893,603,4,1,0
39,31924,647,0,1,0
56,125015,634,3,1,1
25,59451,654,1,1,0
29,74333,714,2,1,1
43,134458,778,2,1,0
30,114196,693,2,1,0
32,76099,788,1,1,0
36,87346,616,2,1,1
25,29945,712,1,1,0
30,80062,868,0,1,0
50,50306,572,1,1,0
26,42959,569,3,1,0
25,24231,802,1,0,0
34,42207,717,4,1,0
50,89426,651,2,1,1
39,36336,609,4,1,0
36,105166,697,1,1,0
42,67256,710,0,1,0
25,53909,711,5,1,0
47,99817,608,3,1,0
46,156704,673,2,1,1
37,63719,654,1,1,0
54,92017,751,2,1,1
28,65704,613,2,1,0
55,70013,706,1,1,0
43,129991,900,2,1,0
37,100258,608,1,1,0
41,128348,640,1,1,0
40,145812,692,4,1,0
56,50060,464,3,1,0
29,33056,585,2,1,0
32,36655,724,1,0,1
54,138110,685,2,1,0
34,79923,784,2,1,0
52,128563,680,5,1,0
62,175102,673,0,1,0
37,119779,643,2,1,0
50,83289,672,2,1,0
28,39739,603,2,1,0
51,149704,688,4,1,0
44,111687,622,3,1,0
47,86491,603,3,0,1
34,102115,648,1,1,0
25,72399,736,2,1,0
48,133778,711,1,1,0
25,24781,753,2,1,0
38,50448,626,0,1,0
53,101550,698,3,1,0
44,99294,836,1,1,0
65,61446,811,1,1,0
54,126579,598,3,1,0
34,115389,619,1,0,1
42,135615,835,3,1,0
41,67101,736,2,1,1
25,20642,684,3,1,0
30,58016,675,4,1,1
35,48932,718,0,1,0
25,64653,719,0,1,0
42,140481,657,1,1,0
39,82802,686,5,1,0
25,27549,654,3,1,1
46,128933,713,1,1,0
50,75362,640,2,1,1
44,97842,598,4,1,0
38,76539,818,2,1,0
49,83717,694,1,1,0
50,104596,835,2,1,0
45,73016,545,3,1,0
32,85200,584,1,1,0
45,130268,737,3,1,0
56,155042,694,0,1,0
34,113402,607,3,1,0
67,82607,790,1,1,0
35,57621,630,0,0,0
42,62823,795,2,1,0
33,59986,694,2,1,0
44,114325,614,4,1,0
25,71367,646,3,1,0
35,87771,809,2,1,0
28,74973,676,2,1,1
43,64690,777,0,0,0
53,89107,812,1,1,0
49,107888,693,2,1,0
25,30956,682,2,0,1
66,126839,667,1,1,0
45,106227,728,4,1,0
32,66533,820,1,1,0
43,145210,601,4,1,0
44,106234,717,1,1,0
33,97594,714,2,1,0
44,106901,555,1,1,0
34,41519,629,1,1,1
37,61115,645,1,1,0
33,96266,761,4,1,0
25,21832,775,2,1,0
43,91368,549,1,1,0
49,138425,751,0,1,0
48,155474,740,2,1,0
51,119715,746,4,1,0
45,121835,712,0,0,0
35,103366,776,1,1,0
52,159743,793,1,1,0
25,57570,569,2,1,0
31,117977,696,2,0,0
30,36615,679,1,0,0
54,122298,654,1,1,0
53,88311,663,5,1,1
47,140245,714,1,1,1
54,153187,596,1,1,0
31,53434,753,3,1,0
46,136879,670,0,1,0
40,65739,769,1,0,1
52,116202,650,1,0,0
40,148580,646,4,1,0
37,109599,624,1,1,0
48,83649,650,1,1,1
52,150364,635,3,1,0
33,77445,734,0,1,0
41,89470,783,5,1,0
29,29429,731,1,1,0
25,79796,693,4,1,1
44,98621,738,2,1,0
49,82926,697,3,0,0
45,87997,702,3,1,0
25,79940,675,3,1,0
37,70724,766,1,0,0
25,52269,494,1,1,0
58,162202,529,1,1,0
28,48391,782,2,0,0
57,42526,684,3,1,0
53,74686,773,1,0,0
31,103339,651,1,1,0
28,52668,833,3,1,0
46,56574,689,3,1,0
31,38733,735,3,1,0
43,100290,664,0,1,0
36,102793,628,4,1,0
25,56051,560,1,1,0
25,35909,762,2,0,1
44,139682,731,5,1,0
35,107338,707,0,1,0
35,103432,608,3,1,0
50,78133,813,2,1,0
56,119062,708,4,1,0
38,80908,756,3,0,1
37,41278,699,2,1,0
48,101458,612,0,1,0
25,76782,779,3,1,1
44,105415,736,1,1,0
48,141087,685,1,1,0
50,104160,734,4,1,0
25,74399,765,2,1,0
32,55298,752,3,1,0
31,52191,563,0,1,0
43,106964,580,3,0,0
47,83092,758,0,1,0
59,129407,644,3,1,0
36,105257,616,3,1,0
36,92513,729,3,1,0
55,91097,613,5,1,1
45,80279,661,2,1,1
57,185476,768,5,1,0
45,120022,578,4,1,0
28,55198,590,2,1,0
26,48687,571,3,1,1
25,72662,631,3,1,0
49,99997,706,2,1,0
56,171639,650,2,1,0
64,42179,820,1,1,0
52,52019,736,1,1,0
55,121455,698,2,1,0
35,115239,801,1,1,0
28,38704,593,3,1,0
52,68030,769,0,1,0
47,119445,681,1,1,0
43,123551,663,2,1,0
46,53420,748,3,1,0
45,109875,666,0,1,0
57,56740,714,1,1,0
57,105263,692,3,1,0
48,155789,724,0,1,0
52,145864,659,2,1,0
48,114559,774,2,1,0
36,49465,536,1,1,0
51,101432,751,2,1,0
25,24131,548,2,1,0
54,60652,639,3,1,1
27,41507,741,4,1,0
45,97147,538,0,1,0
31,77671,713,0,1,0
48,139342,590,2,0,1
41,69171,622,1,1,1
25,40593,618,2,1,0
47,105692,592,1,0,1
35,88541,561,1,1,0
52,59470,865,2,1,0
42,111344,685,4,1,1
46,94308,601,2,1,0
30,80639,655,1,1,0
34,51326,702,0,1,0
36,34597,669,0,1,0
52,152840,598,1,1,0
62,89477,628,3,0,1
32,63071,794,2,1,0
54,120603,587,3,1,0
25,25024,540,1,1,0
27,27715,668,2,1,0
30,87492,545,1,0,1
25,51770,627,2,1,0
25,31226,599,4,1,1
46,85399,600,4,1,1
39,108948,705,3,1,0
46,107439,720,5,1,0
50,94415,635,0,1,0
45,62569,692,2,1,0
49,52369,631,1,1,0
41,159963,732,1,1,0
27,52021,581,1,1,1
54,50528,713,2,1,1
34,60314,719,1,1,0
30,48047,886,2,1,0
39,49748,559,4,1,1
31,65109,900,5,0,1
36,43919,760,2,0,1
46,97498,846,0,1,0
46,105808,772,4,1,0
31,110792,624,3,0,1
36,100441,752,1,1,0
54,124420,646,2,1,0
47,78906,692,2,1,0
66,147447,606,3,1,0
56,106896,645,3,1,0
55,143431,771,4,1,0
25,41946,735,2,1,1
51,97020,781,2,1,0
41,124266,588,5,1,0
35,52161,550,1,0,0
44,77738,788,5,0,0
53,53925,782,0,1,0
48,58463,716,3,1,0
31,87153,733,0,1,1
50,132948,769,1,1,0
34,91009,714,1,1,0
44,137938,742,5,0,1
38,71552,765,2,1,1
39,86271,692,1,1,0
51,59797,672,0,1,0
29,40594,730,2,1,0
65,111942,881,1,1,0
25,72529,632,2,1,0
34,43965,665,0,1,0
46,63733,559,4,1,0
49,103223,734,2,0,1
40,76926,657,3,1,0
41,78783,587,1,1,0
46,133360,694,1,1,0
39,66394,819,3,1,0
58,148378,671,2,1,0
52,114796,679,1,1,0
52,78287,816,2,1,0
30,112104,699,3,1,0
41,80436,603,1,1,0
38,116916,755,1,1,0
29,44796,789,3,1,1
46,123567,683,2,1,1
35,117483,710,5,1,0
49,53188,595,2,1,0
29,45669,630,3,1,1
62,137349,673,0,1,0
31,36765,706,2,1,0
44,101626,650,1,1,0
51,138707,670,3,1,0
35,40807,690,4,1,0
52,60204,620,3,1,0
27,47066,678,3,1,1
59,82120,792,0,1,0
42,152903,652,1,1,0
34,52658,627,1,1,0
38,67081,866,1,0,0
51,84986,718,4,0,1
34,109322,638,2,1,0
33,80304,751,0,1,0
39,95592,720,4,0,1
27,78548,654,2,1,0
63,138447,696,2,1,1
35,69986,676,4,0,0
51,124095,779,3,1,0
44,141594,754,2,1,0
30,118281,528,2,1,1
41,116151,852,1,1,0
51,123598,676,2,0,0
39,58214,837,3,1,0
56,78745,757,5,1,0
54,159723,719,5,1,0
53,92548,692,1,1,0
36,40681,900,1,1,1
29,26984,678,0,1,0
34,57579,646,2,1,0
44,140810,653,1,0,0
48,153275,700,2,1,0
25,74933,699,1,1,0
41,77399,780,0,1,0
43,81481,760,4,1,0
38,30944,760,2,1,0
57,133993,681,1,1,0
47,59114,754,2,1,0
57,79846,762,1,1,0
39,113666,693,1,1,0
53,127848,722,2,1,0
61,72596,762,3,1,0
57,144087,716,1,1,0
28,29751,724,2,1,0
38,36907,812,3,1,0
37,58114,717,1,0,0
47,75009,651,1,1,1
50,134846,592,0,1,0
31,80241,709,2,1,0
42,85725,673,0,1,0
25,38996,764,2,0,0
59,177119,826,0,0,1
35,58767,617,2,1,0
42,66347,629,2,1,0
38,54102,698,5,0,1
55,44263,636,2,1,0
25,63049,682,3,1,0
41,117438,657,3,1,0
40,146359,619,1,1,0
36,60540,766,2,0,0
62,170251,706,1,0,0
31,105726,846,1,1,0
51,113769,728,1,1,0
46,90843,803,1,1,0
57,67690,641,5,1,0
33,32994,640,3,1,1
33,97546,877,0,1,0
55,178449,651,1,1,0
47,128572,624,0,1,1
25,46467,606,2,1,0
35,30048,853,2,1,1
46,86978,678,1,1,0
52,97606,732,3,1,1
33,111574,712,2,1,0
25,52576,642,2,1,1
48,123414,676,1,1,1
27,47609,767,1,1,0
25,69222,601,0,1,0
25,68115,753,4,0,0
51,139606,814,2,1,0
43,90647,723,2,1,1
39,84607,806,1,1,1
58,61996,590,4,1,1
49,104921,553,2,1,0
61,123697,719,4,1,0
25,66022,653,0,0,0
41,90148,770,3,0,1
25,22228,675,4,0,1
39,38888,711,3,0,0
39,118666,706,5,1,0
49,89159,709,1,1,0
42,92197,656,3,1,1
49,134326,590,1,1,0
50,140360,682,2,1,0
67,138941,816,2,0,0
38,54474,651,0,1,0
30,47333,650,4,1,1
44,158400,712,1,1,0
32,66355,605,3,1,1
59,169686,780,0,1,0
38,103903,613,3,0,1
35,96258,676,3,1,0
36,61145,900,2,1,0
50,153170,608,1,0,1
40,125675,817,0,1,0
34,79854,709,2,1,1
61,107664,720,2,1,1
31,116153,635,5,1,0
42,143616,763,4,0,1
49,85285,670,3,1,0
25,79741,608,0,1,0
47,67533,816,4,1,0
29,52624,669,0,1,0
51,96996,551,1,1,0
30,76947,678,2,1,0
50,77956,764,2,1,0
55,91030,751,1,1,0
52,108597,648,3,1,0
45,92443,621,2,1,1
39,95464,590,1,0,1
35,33952,698,4,1,0
59,160454,712,5,1,0
33,72460,756,5,1,0
29,42796,688,1,1,0
49,81746,685,3,1,0
32,116785,677,3,1,0
30,30015,712,4,1,1
25,69757,689,1,1,0
36,55957,775,3,1,0
41,131541,724,2,0,0
44,71292,708,3,1,0
53,81876,696,5,1,0
48,110727,624,1,1,1
39,77046,699,1,1,0
39,44817,648,1,1,1
48,141006,727,2,1,0
57,49759,683,5,1,1
43,98432,833,2,1,0
36,36412,599,2,1,0
30,87757,451,3,1,0
25,40504,721,1,1,1
49,158500,648,2,1,0
48,58507,712,1,1,0
48,71050,601,2,1,0
40,54820,852,2,1,0
58,178907,669,2,1,0
36,43587,643,2,1,1
53,150257,851,1,1,0
41,107732,767,1,1,0
34,81921,811,3,1,0
49,95499,686,2,1,0
46,56840,703,5,1,1
46,153370,652,2,1,0
42,115077,642,2,1,0
41,81440,731,2,1,0
70,75183,670,1,1,0
56,136172,877,2,1,0
50,52389,767,1,1,0
43,105076,850,3,1,0
54,116299,521,2,1,0
48,139461,851,1,0,1
42,142085,509,0,1,1
38,69023,599,2,1,0
41,100029,559,3,1,1
25,59941,719,0,1,0
44,138993,698,1,1,0
36,83950,763,0,1,0
61,161677,692,1,1,0
42,136959,798,2,1,0
27,30518,625,5,1,1
41,115363,799,1,1,0
29,63020,697,3,0,1
47,111742,888,0,1,0
45,147896,769,3,1,0
53,95215,675,1,0,0
32,77857,697,2,1,0
42,105476,619,1,1,0
25,48173,728,3,1,0
50,59395,675,2,1,0
48,109768,757,2,1,0
47,134743,592,1,1,0
42,153591,673,2,1,0
46,96229,607,2,1,0
61,197711,612,2,1,0
38,92583,748,1,1,0
43,78924,789,1,1,0
28,27433,513,1,0,1
31,60104,848,1,1,0
43,159588,812,3,0,1
55,77594,592,1,1,0
38,33664,766,2,1,0
39,40528,663,0,1,0
37,58190,692,2,1,0
35,96033,748,1,1,0
45,111161,738,3,1,0
25,27641,654,1,1,0
57,168404,653,4,1,0
34,100179,658,2,0,1
50,120592,791,5,1,0
26,52899,551,5,1,1
50,120979,687,3,1,1
50,67241,825,1,1,0
46,96211,756,0,0,0
30,93472,784,2,1,0
44,124248,688,2,1,0
27,28221,606,2,1,1
38,61346,704,2,1,0
54,131196,644,2,0,1
51,154451,878,2,0,0
42,127124,687,0,1,1
30,72220,750,0,0,0
49,67942,836,3,1,0
42,99167,612,4,1,0
25,56373,517,3,1,0
51,117143,739,1,1,1
41,52016,754,1,1,0
56,109110,666,2,1,0
28,66309,607,0,1,0
25,27274,724,1,1,0
45,158239,698,5,1,1
45,65748,725,3,1,0
25,40175,609,2,1,0
30,41826,725,1,1,0
70,123008,765,2,1,0
38,64129,579,0,1,1
50,120009,816,2,1,0
34,53490,720,2,1,0
25,60087,768,5,1,0
39,71435,597,0,1,0
38,105017,754,5,1,0
37,38520,568,5,1,1
40,141951,624,2,1,1
45,133106,721,3,1,0
40,111877,677,1,1,0
26,39798,702,4,1,0
47,104638,854,3,1,0
25,23536,700,0,1,1
25,21773,756,4,1,0
50,79894,694,2,1,0
48,112963,692,3,1,0
41,158559,621,1,1,1
25,79188,729,3,1,0
33,84567,900,0,1,0
38,65326,707,2,1,0
25,75059,678,1,0,1
33,35079,791,3,1,0
49,75838,781,2,1,0
59,161412,735,3,1,0
36,117340,675,3,1,0
51,97109,791,1,1,0
25,39675,709,5,1,0
49,75594,773,1,1,0
32,72749,634,1,0,0
45,86292,653,1,0,1
39,104534,707,2,1,0
57,119233,601,0,0,0
31,81818,670,1,1,0
49,63429,597,3,1,0
38,87748,576,2,1,0
40,98807,894,2,1,0
39,37140,651,2,1,0
31,93226,658,3,1,0
41,157089,706,2,1,0
41,64901,615,0,1,0
44,138815,659,2,1,0
43,78525,846,5,0,1
51,70491,728,4,0,0
53,118816,778,3,1,0
29,54980,825,2,1,1
52,145525,716,1,1,0
27,28078,682,1,1,0
49,141654,585,0,0,0
49,139521,669,2,1,0
25,68704,687,2,1,0
43,66997,635,2,1,0
36,109810,823,1,1,0
32,30868,788,2,1,0
58,197470,778,2,1,0
34,111578,690,1,1,0
32,51246,617,4,1,0
42,70561,806,4,1,0
50,66254,726,1,1,0
40,84512,761,4,1,0
55,97865,749,3,1,1
48,73580,724,0,1,0
25,25423,859,0,1,0
35,102144,647,5,1,1
35,72485,675,3,1,0
47,100621,831,1,1,0
25,71827,706,2,1,0
70,90665,689,4,1,0
48,120412,679,2,0,1
43,100603,754,5,1,0
56,192110,681,1,0,0
70,133542,672,4,1,0
52,151311,753,0,1,0
53,146346,707,2,0,0
43,64325,619,2,1,0
40,85892,702,1,1,0
36,31753,811,1,1,0
32,47996,761,2,1,0
33,98811,821,2,1,0
25,28747,641,3,1,0
41,95211,785,0,1,1
25,71201,648,2,1,0
44,112820,601,1,1,1
41,50824,635,1,1,1
43,63880,710,4,0,0
35,96617,782,0,1,0
70,51517,724,5,1,0
58,192755,687,0,1,0
27,36876,617,1,0,1
44,153068,756,5,1,0
34,86354,777,5,1,1
29,28266,723,2,1,0
25,31183,615,2,1,1
47,136602,764,4,1,0
33,108413,798,3,1,0
53,59982,822,2,1,0
53,124504,664,5,1,0
58,197670,734,0,1,0
31,44639,657,3,1,1
47,120210,626,2,1,0
49,119852,826,1,1,0
36,39695,745,3,1,1
32,78582,803,3,1,0
61,71094,602,2,1,0
44,110635,723,0,1,0
49,72187,740,3,1,0
32,31214,633,1,1,0
27,43940,819,2,1,0
35,74406,680,3,1,0
40,141221,736,0,1,0
29,63481,655,1,1,0
41,65977,604,2,1,1
25,64839,773,1,0,0
28,77874,730,1,1,0
50,108414,718,3,1,1
49,151440,677,4,1,0
37,55538,728,3,1,1
29,59386,801,2,1,0
29,58033,645,2,1,0
37,86241,744,5,1,1
49,123501,716,3,1,0
53,125133,685,0,0,0
36,90481,568,3,1,0
28,61476,699,2,0,0
45,77740,753,1,1,0
32,93328,725,3,1,0
35,102105,584,1,1,0
57,51881,799,4,0,1
51,86996,831,2,0,1
43,82177,691,1,1,0
26,76660,884,3,1,0
44,87177,633,1,0,0
54,116126,598,1,1,0
37,86531,618,1,1,1
58,66119,719,3,1,0
57,157744,557,1,1,0
61,156894,675,1,1,0
45,77915,900,0,1,0
49,52708,579,2,1,1
58,84989,656,1,0,0
47,72106,617,3,1,0
35,47131,677,2,1,0
36,76553,672,1,1,0
44,108144,646,3,0,0
26,26553,687,1,1,0
40,67881,750,1,1,0
55,41379,810,2,1,0
25,45255,677,2,1,0
60,145664,700,1,1,0
55,109306,737,2,1,0
36,49726,601,1,1,0
48,59088,687,1,1,0
42,84314,659,1,1,0
56,144512,776,2,1,0
53,66350,840,1,1,0
25,61643,637,0,1,0
49,149599,802,2,1,0
39,111397,583,3,0,1
42,129509,716,2,1,0
33,47769,720,4,1,1
62,141584,581,0,1,0
54,96365,633,1,1,0
33,80185,625,0,1,1
25,22786,595,1,1,1
37,31620,486,3,1,0
47,86303,683,3,1,0
44,69589,693,2,1,0
57,42882,692,1,1,0
51,112248,761,1,1,0
53,99322,544,1,1,0
45,74524,669,4,1,0
25,29745,900,2,1,1
39,45861,770,3,1,0
54,141707,771,0,1,0
41,141735,618,1,0,0
48,104261,684,0,1,0
38,32837,516,1,1,0
29,28599,746,3,0,1
40,131447,812,2,1,0
45,104380,584,3,1,0
34,116089,607,5,1,1
39,79831,697,3,1,0
30,119349,712,0,1,0
55,198422,656,2,1,0
38,74397,634,4,1,0
59,117085,635,1,1,0
60,103865,696,1,0,0
41,105956,746,1,1,1
29,47453,696,3,1,1
25,55191,688,0,0,0
25,32906,559,5,1,0
25,34988,769,1,1,0
58,198795,695,2,0,1
43,83800,665,1,1,0
46,89107,720,1,1,0
25,47430,632,2,1,0
27,52535,666,2,1,0
52,118476,708,1,1,0
45,137329,645,2,1,0
40,127798,568,1,1,1
48,102284,555,1,1,0
61,96232,735,2,1,0
39,74420,697,1,1,0
42,87710,694,4,0,1
44,122497,607,1,1,0
70,132035,698,1,1,0
25,60498,667,2,1,0
50,81283,651,1,1,0
40,116169,693,1,1,1
48,122358,723,3,0,1
34,92457,839,1,1,0
41,75968,745,2,1,0
50,112508,768,3,1,0
70,153435,788,2,1,0
51,135366,638,0,1,0
31,35738,674,1,1,0
